2026-05-08 01:02:03 [restartedMain] INFO  c.r.academy.AcademyApplication - Starting AcademyApplication using Java 21.0.10 with PID 39663 (/Users/angelmenendezleyenda/Desktop/project-grupo-7/target/classes started by angelmenendezleyenda in /Users/angelmenendezleyenda/Desktop/project-grupo-7)
2026-05-08 01:02:03 [restartedMain] INFO  c.r.academy.AcademyApplication - No active profile set, falling back to 1 default profile: "default"
2026-05-08 01:02:03 [restartedMain] INFO  o.s.b.d.e.DevToolsPropertyDefaultsPostProcessor - Devtools property defaults active! Set 'spring.devtools.add-properties' to 'false' to disable
2026-05-08 01:02:04 [restartedMain] INFO  o.s.d.r.c.RepositoryConfigurationDelegate - Bootstrapping Spring Data JPA repositories in DEFAULT mode.
2026-05-08 01:02:04 [restartedMain] INFO  o.s.d.r.c.RepositoryConfigurationDelegate - Finished Spring Data repository scanning in 36 ms. Found 4 JPA repository interfaces.
2026-05-08 01:02:04 [restartedMain] INFO  o.s.b.w.e.tomcat.TomcatWebServer - Tomcat initialized with port 8443 (https)
2026-05-08 01:02:04 [restartedMain] INFO  o.a.catalina.core.StandardService - Starting service [Tomcat]
2026-05-08 01:02:04 [restartedMain] INFO  o.a.catalina.core.StandardEngine - Starting Servlet engine: [Apache Tomcat/10.1.17]
2026-05-08 01:02:04 [restartedMain] INFO  o.a.c.c.C.[Tomcat].[localhost].[/] - Initializing Spring embedded WebApplicationContext
2026-05-08 01:02:04 [restartedMain] INFO  o.s.b.w.s.c.ServletWebServerApplicationContext - Root WebApplicationContext: initialization completed in 1088 ms
2026-05-08 01:02:04 [restartedMain] INFO  com.zaxxer.hikari.HikariDataSource - HikariPool-1 - Starting...
2026-05-08 01:02:05 [restartedMain] INFO  com.zaxxer.hikari.pool.HikariPool - HikariPool-1 - Added connection com.mysql.cj.jdbc.ConnectionImpl@30617805
2026-05-08 01:02:05 [restartedMain] INFO  com.zaxxer.hikari.HikariDataSource - HikariPool-1 - Start completed.
2026-05-08 01:02:05 [restartedMain] INFO  o.s.b.a.h.H2ConsoleAutoConfiguration - H2 console available at '/h2-console'. Database available at 'jdbc:mysql://localhost:3306/rayokrossAcademy'
2026-05-08 01:02:05 [restartedMain] INFO  o.h.jpa.internal.util.LogHelper - HHH000204: Processing PersistenceUnitInfo [name: default]
2026-05-08 01:02:05 [restartedMain] INFO  org.hibernate.Version - HHH000412: Hibernate ORM core version 6.4.1.Final
2026-05-08 01:02:05 [restartedMain] INFO  o.h.c.i.RegionFactoryInitiator - HHH000026: Second-level cache disabled
2026-05-08 01:02:05 [restartedMain] INFO  o.s.o.j.p.SpringPersistenceUnitInfo - No LoadTimeWeaver setup: ignoring JPA class transformer
2026-05-08 01:02:06 [restartedMain] INFO  o.h.e.t.j.p.i.JtaPlatformInitiator - HHH000489: No JTA platform available (set 'hibernate.transaction.jta.platform' to enable JTA platform integration)
2026-05-08 01:02:06 [restartedMain] INFO  o.s.o.j.LocalContainerEntityManagerFactoryBean - Initialized JPA EntityManagerFactory for persistence unit 'default'
2026-05-08 01:02:07 [restartedMain] WARN  o.s.b.a.o.j.JpaBaseConfiguration$JpaWebConfiguration - spring.jpa.open-in-view is enabled by default. Therefore, database queries may be performed during view rendering. Explicitly configure spring.jpa.open-in-view to disable this warning
2026-05-08 01:02:07 [restartedMain] INFO  o.s.b.a.w.s.WelcomePageHandlerMapping - Adding welcome page template: index
2026-05-08 01:02:07 [restartedMain] INFO  o.s.s.web.DefaultSecurityFilterChain - Will secure Or [Mvc [pattern='/api/**']] with [org.springframework.security.web.session.DisableEncodeUrlFilter@ad7575c, org.springframework.security.web.context.request.async.WebAsyncManagerIntegrationFilter@6664840b, org.springframework.security.web.context.SecurityContextHolderFilter@58c9e9fb, org.springframework.security.web.header.HeaderWriterFilter@4c8143d4, org.springframework.web.filter.CorsFilter@4b105791, org.springframework.security.web.authentication.logout.LogoutFilter@66e75278, com.rayokross.academy.security.jwt.JwtRequestFilter@6e0be8be, org.springframework.security.web.savedrequest.RequestCacheAwareFilter@382d819e, org.springframework.security.web.servletapi.SecurityContextHolderAwareRequestFilter@6b712123, org.springframework.security.web.authentication.AnonymousAuthenticationFilter@7eeb09b9, org.springframework.security.web.session.SessionManagementFilter@5a4c96f3, org.springframework.security.web.access.ExceptionTranslationFilter@2610619a, org.springframework.security.web.access.intercept.AuthorizationFilter@50379d10]
2026-05-08 01:02:07 [restartedMain] INFO  o.s.s.web.DefaultSecurityFilterChain - Will secure any request with [org.springframework.security.web.session.DisableEncodeUrlFilter@63b52aff, org.springframework.security.web.context.request.async.WebAsyncManagerIntegrationFilter@2232c168, org.springframework.security.web.context.SecurityContextHolderFilter@537819a1, org.springframework.security.web.header.HeaderWriterFilter@76725d96, org.springframework.web.filter.CorsFilter@631a4974, org.springframework.security.web.csrf.CsrfFilter@3489a929, org.springframework.security.web.authentication.logout.LogoutFilter@3bef233, org.springframework.security.web.authentication.UsernamePasswordAuthenticationFilter@176e6d4b, org.springframework.security.web.savedrequest.RequestCacheAwareFilter@2ac12206, org.springframework.security.web.servletapi.SecurityContextHolderAwareRequestFilter@74e22967, org.springframework.security.web.authentication.AnonymousAuthenticationFilter@77a6469, org.springframework.security.web.access.ExceptionTranslationFilter@476333da, org.springframework.security.web.access.intercept.AuthorizationFilter@45009d3f]
2026-05-08 01:02:07 [restartedMain] INFO  o.s.b.d.a.OptionalLiveReloadServer - LiveReload server is running on port 35729
2026-05-08 01:02:07 [restartedMain] INFO  o.a.t.u.net.NioEndpoint.certificate - Connector [https-jsse-nio-8443], TLS virtual host [_default_], certificate type [UNDEFINED] configured from keystore [/Users/angelmenendezleyenda/.keystore] using alias [rayokross] with trust store [null]
2026-05-08 01:02:07 [restartedMain] INFO  o.s.b.w.e.tomcat.TomcatWebServer - Tomcat started on port 8443 (https) with context path ''
2026-05-08 01:02:07 [restartedMain] INFO  c.r.academy.AcademyApplication - Started AcademyApplication in 3.986 seconds (process running for 4.629)
2026-05-08 01:02:10 [https-jsse-nio-8443-exec-9] INFO  o.a.c.c.C.[Tomcat].[localhost].[/] - Initializing Spring DispatcherServlet 'dispatcherServlet'
2026-05-08 01:02:10 [https-jsse-nio-8443-exec-9] INFO  o.s.web.servlet.DispatcherServlet - Initializing Servlet 'dispatcherServlet'
2026-05-08 01:02:10 [https-jsse-nio-8443-exec-9] INFO  o.s.web.servlet.DispatcherServlet - Completed initialization in 2 ms
2026-05-08 01:02:10 [https-jsse-nio-8443-exec-9] INFO  c.r.a.security.jwt.JwtRequestFilter - No access token cookie found in request
2026-05-08 01:02:11 [https-jsse-nio-8443-exec-10] INFO  c.r.a.security.jwt.JwtRequestFilter - No access token cookie found in request
2026-05-08 01:02:11 [https-jsse-nio-8443-exec-8] INFO  c.r.a.security.jwt.JwtRequestFilter - No access token cookie found in request
2026-05-08 01:02:11 [https-jsse-nio-8443-exec-2] INFO  c.r.a.security.jwt.JwtRequestFilter - No access token cookie found in request
2026-05-08 01:02:11 [https-jsse-nio-8443-exec-3] INFO  c.r.a.security.jwt.JwtRequestFilter - No access token cookie found in request
2026-05-08 01:02:11 [https-jsse-nio-8443-exec-10] INFO  c.r.a.security.jwt.JwtRequestFilter - No access token cookie found in request
2026-05-08 01:02:11 [https-jsse-nio-8443-exec-5] INFO  c.r.a.security.jwt.JwtRequestFilter - No access token cookie found in request
2026-05-08 01:02:11 [https-jsse-nio-8443-exec-9] INFO  c.r.a.security.jwt.JwtRequestFilter - No access token cookie found in request
2026-05-08 01:02:11 [https-jsse-nio-8443-exec-1] INFO  c.r.a.security.jwt.JwtRequestFilter - No access token cookie found in request
2026-05-08 01:02:11 [https-jsse-nio-8443-exec-4] INFO  c.r.a.security.jwt.JwtRequestFilter - No access token cookie found in request
2026-05-08 01:02:11 [https-jsse-nio-8443-exec-7] INFO  c.r.a.security.jwt.JwtRequestFilter - No access token cookie found in request
2026-05-08 01:02:11 [https-jsse-nio-8443-exec-6] INFO  c.r.a.security.jwt.JwtRequestFilter - No access token cookie found in request
2026-05-08 01:02:11 [https-jsse-nio-8443-exec-10] INFO  c.r.a.security.jwt.JwtRequestFilter - No access token cookie found in request
2026-05-08 01:02:11 [https-jsse-nio-8443-exec-9] INFO  c.r.a.security.jwt.JwtRequestFilter - No access token cookie found in request
2026-05-08 01:02:12 [https-jsse-nio-8443-exec-3] INFO  c.r.a.security.jwt.JwtRequestFilter - No access token cookie found in request
2026-05-08 01:05:56 [SpringApplicationShutdownHook] INFO  o.s.o.j.LocalContainerEntityManagerFactoryBean - Closing JPA EntityManagerFactory for persistence unit 'default'
2026-05-08 01:05:56 [SpringApplicationShutdownHook] INFO  com.zaxxer.hikari.HikariDataSource - HikariPool-1 - Shutdown initiated...
2026-05-08 01:05:56 [SpringApplicationShutdownHook] INFO  com.zaxxer.hikari.HikariDataSource - HikariPool-1 - Shutdown completed.
2026-05-08 01:35:07 [restartedMain] INFO  c.r.academy.AcademyApplication - Starting AcademyApplication using Java 21.0.10 with PID 57199 (/Users/angelmenendezleyenda/Desktop/project-grupo-7/target/classes started by angelmenendezleyenda in /Users/angelmenendezleyenda/Desktop/project-grupo-7)
2026-05-08 01:35:07 [restartedMain] INFO  c.r.academy.AcademyApplication - No active profile set, falling back to 1 default profile: "default"
2026-05-08 01:35:07 [restartedMain] INFO  o.s.b.d.e.DevToolsPropertyDefaultsPostProcessor - Devtools property defaults active! Set 'spring.devtools.add-properties' to 'false' to disable
2026-05-08 01:35:07 [restartedMain] INFO  o.s.d.r.c.RepositoryConfigurationDelegate - Bootstrapping Spring Data JPA repositories in DEFAULT mode.
2026-05-08 01:35:07 [restartedMain] INFO  o.s.d.r.c.RepositoryConfigurationDelegate - Finished Spring Data repository scanning in 40 ms. Found 4 JPA repository interfaces.
2026-05-08 01:35:08 [restartedMain] INFO  o.s.b.w.e.tomcat.TomcatWebServer - Tomcat initialized with port 8443 (https)
2026-05-08 01:35:08 [restartedMain] INFO  o.a.catalina.core.StandardService - Starting service [Tomcat]
2026-05-08 01:35:08 [restartedMain] INFO  o.a.catalina.core.StandardEngine - Starting Servlet engine: [Apache Tomcat/10.1.17]
2026-05-08 01:35:08 [restartedMain] INFO  o.a.c.c.C.[Tomcat].[localhost].[/] - Initializing Spring embedded WebApplicationContext
2026-05-08 01:35:08 [restartedMain] INFO  o.s.b.w.s.c.ServletWebServerApplicationContext - Root WebApplicationContext: initialization completed in 1052 ms
2026-05-08 01:35:08 [restartedMain] INFO  com.zaxxer.hikari.HikariDataSource - HikariPool-1 - Starting...
2026-05-08 01:35:08 [restartedMain] INFO  com.zaxxer.hikari.pool.HikariPool - HikariPool-1 - Added connection com.mysql.cj.jdbc.ConnectionImpl@458ac542
2026-05-08 01:35:08 [restartedMain] INFO  com.zaxxer.hikari.HikariDataSource - HikariPool-1 - Start completed.
2026-05-08 01:35:08 [restartedMain] INFO  o.s.b.a.h.H2ConsoleAutoConfiguration - H2 console available at '/h2-console'. Database available at 'jdbc:mysql://localhost:3306/rayokrossAcademy'
2026-05-08 01:35:08 [restartedMain] INFO  o.h.jpa.internal.util.LogHelper - HHH000204: Processing PersistenceUnitInfo [name: default]
2026-05-08 01:35:08 [restartedMain] INFO  org.hibernate.Version - HHH000412: Hibernate ORM core version 6.4.1.Final
2026-05-08 01:35:08 [restartedMain] INFO  o.h.c.i.RegionFactoryInitiator - HHH000026: Second-level cache disabled
2026-05-08 01:35:08 [restartedMain] INFO  o.s.o.j.p.SpringPersistenceUnitInfo - No LoadTimeWeaver setup: ignoring JPA class transformer
2026-05-08 01:35:09 [restartedMain] INFO  o.h.e.t.j.p.i.JtaPlatformInitiator - HHH000489: No JTA platform available (set 'hibernate.transaction.jta.platform' to enable JTA platform integration)
2026-05-08 01:35:09 [restartedMain] INFO  o.s.o.j.LocalContainerEntityManagerFactoryBean - Initialized JPA EntityManagerFactory for persistence unit 'default'
2026-05-08 01:35:10 [restartedMain] WARN  o.s.b.a.o.j.JpaBaseConfiguration$JpaWebConfiguration - spring.jpa.open-in-view is enabled by default. Therefore, database queries may be performed during view rendering. Explicitly configure spring.jpa.open-in-view to disable this warning
2026-05-08 01:35:10 [restartedMain] INFO  o.s.b.a.w.s.WelcomePageHandlerMapping - Adding welcome page template: index
2026-05-08 01:35:10 [restartedMain] INFO  o.s.s.web.DefaultSecurityFilterChain - Will secure Or [Mvc [pattern='/api/**']] with [org.springframework.security.web.session.DisableEncodeUrlFilter@82f2ba5, org.springframework.security.web.context.request.async.WebAsyncManagerIntegrationFilter@4943b0f2, org.springframework.security.web.context.SecurityContextHolderFilter@1b5e2eb2, org.springframework.security.web.header.HeaderWriterFilter@7d2ce9c4, org.springframework.web.filter.CorsFilter@1a26d19d, org.springframework.security.web.authentication.logout.LogoutFilter@18353313, com.rayokross.academy.security.jwt.JwtRequestFilter@1ab80b31, org.springframework.security.web.savedrequest.RequestCacheAwareFilter@da66a18, org.springframework.security.web.servletapi.SecurityContextHolderAwareRequestFilter@7f6d9ee1, org.springframework.security.web.authentication.AnonymousAuthenticationFilter@e598129, org.springframework.security.web.session.SessionManagementFilter@3f6086ba, org.springframework.security.web.access.ExceptionTranslationFilter@6993fd0b, org.springframework.security.web.access.intercept.AuthorizationFilter@71561f65]
2026-05-08 01:35:10 [restartedMain] INFO  o.s.s.web.DefaultSecurityFilterChain - Will secure any request with [org.springframework.security.web.session.DisableEncodeUrlFilter@68a4fbe4, org.springframework.security.web.context.request.async.WebAsyncManagerIntegrationFilter@f628d20, org.springframework.security.web.context.SecurityContextHolderFilter@55f89dbd, org.springframework.security.web.header.HeaderWriterFilter@3cf43ef, org.springframework.web.filter.CorsFilter@a02523c, org.springframework.security.web.csrf.CsrfFilter@43c3d2a5, org.springframework.security.web.authentication.logout.LogoutFilter@7ec9ef4d, org.springframework.security.web.authentication.UsernamePasswordAuthenticationFilter@5926d40a, org.springframework.security.web.savedrequest.RequestCacheAwareFilter@8f33b5d, org.springframework.security.web.servletapi.SecurityContextHolderAwareRequestFilter@16e46b64, org.springframework.security.web.authentication.AnonymousAuthenticationFilter@656b51f2, org.springframework.security.web.access.ExceptionTranslationFilter@6f8e20ff, org.springframework.security.web.access.intercept.AuthorizationFilter@5a7bf3db]
2026-05-08 01:35:10 [restartedMain] INFO  o.s.b.d.a.OptionalLiveReloadServer - LiveReload server is running on port 35729
2026-05-08 01:35:10 [restartedMain] INFO  o.a.t.u.net.NioEndpoint.certificate - Connector [https-jsse-nio-8443], TLS virtual host [_default_], certificate type [UNDEFINED] configured from keystore [/Users/angelmenendezleyenda/.keystore] using alias [rayokross] with trust store [null]
2026-05-08 01:35:10 [restartedMain] INFO  o.s.b.w.e.tomcat.TomcatWebServer - Tomcat started on port 8443 (https) with context path ''
2026-05-08 01:35:10 [restartedMain] INFO  c.r.academy.AcademyApplication - Started AcademyApplication in 3.57 seconds (process running for 4.057)
2026-05-08 01:35:12 [https-jsse-nio-8443-exec-9] INFO  o.a.c.c.C.[Tomcat].[localhost].[/] - Initializing Spring DispatcherServlet 'dispatcherServlet'
2026-05-08 01:35:12 [https-jsse-nio-8443-exec-9] INFO  o.s.web.servlet.DispatcherServlet - Initializing Servlet 'dispatcherServlet'
2026-05-08 01:35:12 [https-jsse-nio-8443-exec-9] INFO  o.s.web.servlet.DispatcherServlet - Completed initialization in 1 ms
2026-05-08 01:35:12 [https-jsse-nio-8443-exec-9] INFO  c.r.a.security.jwt.JwtRequestFilter - No access token cookie found in request
2026-05-08 01:35:12 [https-jsse-nio-8443-exec-10] INFO  c.r.a.security.jwt.JwtRequestFilter - No access token cookie found in request
2026-05-08 01:35:12 [https-jsse-nio-8443-exec-1] INFO  c.r.a.security.jwt.JwtRequestFilter - No access token cookie found in request
2026-05-08 01:35:12 [https-jsse-nio-8443-exec-8] INFO  c.r.a.security.jwt.JwtRequestFilter - No access token cookie found in request
2026-05-08 01:35:12 [https-jsse-nio-8443-exec-5] INFO  c.r.a.security.jwt.JwtRequestFilter - No access token cookie found in request
2026-05-08 01:35:13 [https-jsse-nio-8443-exec-2] INFO  c.r.a.security.jwt.JwtRequestFilter - No access token cookie found in request
2026-05-08 01:35:43 [https-jsse-nio-8443-exec-8] INFO  c.r.a.security.jwt.JwtRequestFilter - No access token cookie found in request
2026-05-08 01:35:44 [https-jsse-nio-8443-exec-8] INFO  c.r.a.security.LoginEventListener - Login successful for user student@rayokross.com
2026-05-08 01:35:44 [https-jsse-nio-8443-exec-8] INFO  c.r.a.security.jwt.UserLoginService - A09 EVENT: Login exitoso para el usuario 'student@rayokross.com'
2026-05-08 01:36:01 [https-jsse-nio-8443-exec-1] WARN  o.s.w.s.m.m.a.ExceptionHandlerExceptionResolver - Resolved [org.springframework.web.servlet.resource.NoResourceFoundException: No static resource api/v1/users/1/media.]
2026-05-08 01:36:07 [https-jsse-nio-8443-exec-10] WARN  o.s.w.s.m.m.a.ExceptionHandlerExceptionResolver - Resolved [org.springframework.web.servlet.resource.NoResourceFoundException: No static resource api/v1/users/2/media.]
2026-05-08 01:36:57 [https-jsse-nio-8443-exec-4] WARN  o.s.w.s.m.m.a.ExceptionHandlerExceptionResolver - Resolved [java.util.NoSuchElementException]
2026-05-08 01:37:51 [https-jsse-nio-8443-exec-10] WARN  o.s.w.s.m.m.a.ExceptionHandlerExceptionResolver - Resolved [java.util.NoSuchElementException]
2026-05-08 01:44:00 [https-jsse-nio-8443-exec-10] INFO  c.r.a.security.jwt.JwtRequestFilter - No access token cookie found in request
2026-05-08 01:44:00 [https-jsse-nio-8443-exec-9] INFO  c.r.a.security.jwt.JwtRequestFilter - No access token cookie found in request
2026-05-08 01:44:00 [https-jsse-nio-8443-exec-2] INFO  c.r.a.security.jwt.JwtRequestFilter - No access token cookie found in request
2026-05-08 01:44:00 [https-jsse-nio-8443-exec-7] INFO  c.r.a.security.jwt.JwtRequestFilter - No access token cookie found in request
2026-05-08 01:44:00 [https-jsse-nio-8443-exec-4] INFO  c.r.a.security.jwt.JwtRequestFilter - No access token cookie found in request
2026-05-08 01:44:00 [https-jsse-nio-8443-exec-8] INFO  c.r.a.security.jwt.JwtRequestFilter - No access token cookie found in request
2026-05-08 02:10:00 [SpringApplicationShutdownHook] INFO  o.s.o.j.LocalContainerEntityManagerFactoryBean - Closing JPA EntityManagerFactory for persistence unit 'default'
2026-05-08 02:10:00 [SpringApplicationShutdownHook] INFO  com.zaxxer.hikari.HikariDataSource - HikariPool-1 - Shutdown initiated...
2026-05-08 02:10:01 [SpringApplicationShutdownHook] INFO  com.zaxxer.hikari.HikariDataSource - HikariPool-1 - Shutdown completed.
2026-05-08 02:43:16 [restartedMain] INFO  c.r.academy.AcademyApplication - Starting AcademyApplication using Java 21.0.10 with PID 93708 (/Users/angelmenendezleyenda/Desktop/project-grupo-7/target/classes started by angelmenendezleyenda in /Users/angelmenendezleyenda/Desktop/project-grupo-7)
2026-05-08 02:43:16 [restartedMain] INFO  c.r.academy.AcademyApplication - No active profile set, falling back to 1 default profile: "default"
2026-05-08 02:43:16 [restartedMain] INFO  o.s.b.d.e.DevToolsPropertyDefaultsPostProcessor - Devtools property defaults active! Set 'spring.devtools.add-properties' to 'false' to disable
2026-05-08 02:43:16 [restartedMain] INFO  o.s.d.r.c.RepositoryConfigurationDelegate - Bootstrapping Spring Data JPA repositories in DEFAULT mode.
2026-05-08 02:43:16 [restartedMain] INFO  o.s.d.r.c.RepositoryConfigurationDelegate - Finished Spring Data repository scanning in 42 ms. Found 4 JPA repository interfaces.
2026-05-08 02:43:17 [restartedMain] INFO  o.s.b.w.e.tomcat.TomcatWebServer - Tomcat initialized with port 8443 (https)
2026-05-08 02:43:17 [restartedMain] INFO  o.a.catalina.core.StandardService - Starting service [Tomcat]
2026-05-08 02:43:17 [restartedMain] INFO  o.a.catalina.core.StandardEngine - Starting Servlet engine: [Apache Tomcat/10.1.17]
2026-05-08 02:43:17 [restartedMain] INFO  o.a.c.c.C.[Tomcat].[localhost].[/] - Initializing Spring embedded WebApplicationContext
2026-05-08 02:43:17 [restartedMain] INFO  o.s.b.w.s.c.ServletWebServerApplicationContext - Root WebApplicationContext: initialization completed in 1152 ms
2026-05-08 02:43:17 [restartedMain] INFO  com.zaxxer.hikari.HikariDataSource - HikariPool-1 - Starting...
2026-05-08 02:43:17 [restartedMain] INFO  com.zaxxer.hikari.pool.HikariPool - HikariPool-1 - Added connection com.mysql.cj.jdbc.ConnectionImpl@70d1b81f
2026-05-08 02:43:17 [restartedMain] INFO  com.zaxxer.hikari.HikariDataSource - HikariPool-1 - Start completed.
2026-05-08 02:43:17 [restartedMain] INFO  o.s.b.a.h.H2ConsoleAutoConfiguration - H2 console available at '/h2-console'. Database available at 'jdbc:mysql://localhost:3306/rayokrossAcademy'
2026-05-08 02:43:17 [restartedMain] INFO  o.h.jpa.internal.util.LogHelper - HHH000204: Processing PersistenceUnitInfo [name: default]
2026-05-08 02:43:17 [restartedMain] INFO  org.hibernate.Version - HHH000412: Hibernate ORM core version 6.4.1.Final
2026-05-08 02:43:17 [restartedMain] INFO  o.h.c.i.RegionFactoryInitiator - HHH000026: Second-level cache disabled
2026-05-08 02:43:17 [restartedMain] INFO  o.s.o.j.p.SpringPersistenceUnitInfo - No LoadTimeWeaver setup: ignoring JPA class transformer
2026-05-08 02:43:18 [restartedMain] INFO  o.h.e.t.j.p.i.JtaPlatformInitiator - HHH000489: No JTA platform available (set 'hibernate.transaction.jta.platform' to enable JTA platform integration)
2026-05-08 02:43:18 [restartedMain] INFO  o.s.o.j.LocalContainerEntityManagerFactoryBean - Initialized JPA EntityManagerFactory for persistence unit 'default'
2026-05-08 02:43:19 [restartedMain] WARN  o.s.b.a.o.j.JpaBaseConfiguration$JpaWebConfiguration - spring.jpa.open-in-view is enabled by default. Therefore, database queries may be performed during view rendering. Explicitly configure spring.jpa.open-in-view to disable this warning
2026-05-08 02:43:19 [restartedMain] INFO  o.s.b.a.w.s.WelcomePageHandlerMapping - Adding welcome page template: index
2026-05-08 02:43:19 [restartedMain] INFO  o.s.s.web.DefaultSecurityFilterChain - Will secure Or [Mvc [pattern='/api/**']] with [org.springframework.security.web.session.DisableEncodeUrlFilter@2f9ba949, org.springframework.security.web.context.request.async.WebAsyncManagerIntegrationFilter@4eb489b9, org.springframework.security.web.context.SecurityContextHolderFilter@35229b79, org.springframework.security.web.header.HeaderWriterFilter@3e2b5424, org.springframework.web.filter.CorsFilter@12a19128, org.springframework.security.web.authentication.logout.LogoutFilter@16c41062, com.rayokross.academy.security.jwt.JwtRequestFilter@759a42a5, org.springframework.security.web.savedrequest.RequestCacheAwareFilter@b5c0544, org.springframework.security.web.servletapi.SecurityContextHolderAwareRequestFilter@4099819c, org.springframework.security.web.authentication.AnonymousAuthenticationFilter@73005c88, org.springframework.security.web.session.SessionManagementFilter@3acadf4, org.springframework.security.web.access.ExceptionTranslationFilter@69782233, org.springframework.security.web.access.intercept.AuthorizationFilter@6c91abe8]
2026-05-08 02:43:19 [restartedMain] INFO  o.s.s.web.DefaultSecurityFilterChain - Will secure any request with [org.springframework.security.web.session.DisableEncodeUrlFilter@6730766a, org.springframework.security.web.context.request.async.WebAsyncManagerIntegrationFilter@2e47614b, org.springframework.security.web.context.SecurityContextHolderFilter@4f9c775a, org.springframework.security.web.header.HeaderWriterFilter@13d71450, org.springframework.web.filter.CorsFilter@3fea917b, org.springframework.security.web.csrf.CsrfFilter@38d0ddd5, org.springframework.security.web.authentication.logout.LogoutFilter@50357690, org.springframework.security.web.authentication.UsernamePasswordAuthenticationFilter@1c4a1285, org.springframework.security.web.savedrequest.RequestCacheAwareFilter@719c3509, org.springframework.security.web.servletapi.SecurityContextHolderAwareRequestFilter@576103d2, org.springframework.security.web.authentication.AnonymousAuthenticationFilter@73f87239, org.springframework.security.web.access.ExceptionTranslationFilter@3b03bb0b, org.springframework.security.web.access.intercept.AuthorizationFilter@1fb1c1b1]
2026-05-08 02:43:19 [restartedMain] INFO  o.s.b.d.a.OptionalLiveReloadServer - LiveReload server is running on port 35729
2026-05-08 02:43:19 [restartedMain] INFO  o.a.t.u.net.NioEndpoint.certificate - Connector [https-jsse-nio-8443], TLS virtual host [_default_], certificate type [UNDEFINED] configured from keystore [/Users/angelmenendezleyenda/.keystore] using alias [rayokross] with trust store [null]
2026-05-08 02:43:19 [restartedMain] INFO  o.s.b.w.e.tomcat.TomcatWebServer - Tomcat started on port 8443 (https) with context path ''
2026-05-08 02:43:19 [restartedMain] INFO  c.r.academy.AcademyApplication - Started AcademyApplication in 3.859 seconds (process running for 4.394)
2026-05-08 02:43:48 [https-jsse-nio-8443-exec-6] INFO  o.a.c.c.C.[Tomcat].[localhost].[/] - Initializing Spring DispatcherServlet 'dispatcherServlet'
2026-05-08 02:43:48 [https-jsse-nio-8443-exec-6] INFO  o.s.web.servlet.DispatcherServlet - Initializing Servlet 'dispatcherServlet'
2026-05-08 02:43:48 [https-jsse-nio-8443-exec-6] INFO  o.s.web.servlet.DispatcherServlet - Completed initialization in 3 ms
2026-05-08 02:43:48 [https-jsse-nio-8443-exec-6] INFO  c.r.a.security.jwt.JwtRequestFilter - No access token cookie found in request
2026-05-08 02:43:48 [https-jsse-nio-8443-exec-6] INFO  c.r.a.security.LoginEventListener - Login successful for user student@rayokross.com
2026-05-08 02:43:48 [https-jsse-nio-8443-exec-6] INFO  c.r.a.security.jwt.UserLoginService - A09 EVENT: Login exitoso para el usuario 'student@rayokross.com'
2026-05-08 02:44:29 [https-jsse-nio-8443-exec-7] WARN  o.s.w.s.m.m.a.ExceptionHandlerExceptionResolver - Resolved [org.springframework.web.servlet.resource.NoResourceFoundException: No static resource api/courses.]
2026-05-08 02:44:59 [https-jsse-nio-8443-exec-3] WARN  o.s.w.s.m.m.a.ExceptionHandlerExceptionResolver - Resolved [org.springframework.web.servlet.resource.NoResourceFoundException: No static resource api/courses.]
2026-05-08 02:45:44 [https-jsse-nio-8443-exec-10] WARN  o.s.w.s.m.m.a.ExceptionHandlerExceptionResolver - Resolved [org.springframework.web.servlet.resource.NoResourceFoundException: No static resource api/courses/1/lessons.]
2026-05-08 02:45:52 [https-jsse-nio-8443-exec-6] INFO  c.r.academy.services.LessonService - Fetching paginated lessons for course ID: 1
2026-05-08 02:46:40 [https-jsse-nio-8443-exec-7] INFO  c.r.academy.services.LessonService - Fetching paginated lessons for course ID: 1
2026-05-08 02:46:46 [https-jsse-nio-8443-exec-8] INFO  c.r.academy.services.LessonService - Fetching paginated lessons for course ID: 1
2026-05-08 02:48:40 [https-jsse-nio-8443-exec-5] WARN  o.s.w.s.m.m.a.ExceptionHandlerExceptionResolver - Resolved [java.lang.NullPointerException: Cannot invoke "Object.hashCode()" because "<parameter1>" is null]
2026-05-08 02:49:37 [File Watcher] INFO  o.s.b.d.a.LocalDevToolsAutoConfiguration$RestartingClassPathChangeChangedEventListener - Restarting due to 1 class path change (0 additions, 0 deletions, 1 modification)
2026-05-08 02:49:48 [Thread-5] WARN  org.apache.tomcat.util.net.Acceptor - The acceptor thread [https-jsse-nio-8443-Acceptor] did not stop cleanly
2026-05-08 02:49:48 [Thread-5] INFO  o.s.o.j.LocalContainerEntityManagerFactoryBean - Closing JPA EntityManagerFactory for persistence unit 'default'
2026-05-08 02:49:48 [Thread-5] INFO  com.zaxxer.hikari.HikariDataSource - HikariPool-1 - Shutdown initiated...
2026-05-08 02:49:48 [Thread-5] INFO  com.zaxxer.hikari.HikariDataSource - HikariPool-1 - Shutdown completed.
2026-05-08 02:49:48 [restartedMain] INFO  c.r.academy.AcademyApplication - Starting AcademyApplication using Java 21.0.10 with PID 93708 (/Users/angelmenendezleyenda/Desktop/project-grupo-7/target/classes started by angelmenendezleyenda in /Users/angelmenendezleyenda/Desktop/project-grupo-7)
2026-05-08 02:49:48 [restartedMain] INFO  c.r.academy.AcademyApplication - No active profile set, falling back to 1 default profile: "default"
2026-05-08 02:49:48 [restartedMain] INFO  o.s.d.r.c.RepositoryConfigurationDelegate - Bootstrapping Spring Data JPA repositories in DEFAULT mode.
2026-05-08 02:49:48 [restartedMain] INFO  o.s.d.r.c.RepositoryConfigurationDelegate - Finished Spring Data repository scanning in 9 ms. Found 4 JPA repository interfaces.
2026-05-08 02:49:48 [restartedMain] INFO  o.s.b.w.e.tomcat.TomcatWebServer - Tomcat initialized with port 8443 (https)
2026-05-08 02:49:48 [restartedMain] INFO  o.a.catalina.core.StandardService - Starting service [Tomcat]
2026-05-08 02:49:48 [restartedMain] INFO  o.a.catalina.core.StandardEngine - Starting Servlet engine: [Apache Tomcat/10.1.17]
2026-05-08 02:49:48 [restartedMain] INFO  o.a.c.c.C.[Tomcat].[localhost].[/] - Initializing Spring embedded WebApplicationContext
2026-05-08 02:49:48 [restartedMain] INFO  o.s.b.w.s.c.ServletWebServerApplicationContext - Root WebApplicationContext: initialization completed in 268 ms
2026-05-08 02:49:48 [restartedMain] INFO  com.zaxxer.hikari.HikariDataSource - HikariPool-2 - Starting...
2026-05-08 02:49:48 [restartedMain] INFO  com.zaxxer.hikari.pool.HikariPool - HikariPool-2 - Added connection com.mysql.cj.jdbc.ConnectionImpl@753c9c54
2026-05-08 02:49:48 [restartedMain] INFO  com.zaxxer.hikari.HikariDataSource - HikariPool-2 - Start completed.
2026-05-08 02:49:48 [restartedMain] INFO  o.s.b.a.h.H2ConsoleAutoConfiguration - H2 console available at '/h2-console'. Database available at 'jdbc:mysql://localhost:3306/rayokrossAcademy'
2026-05-08 02:49:48 [restartedMain] INFO  o.h.jpa.internal.util.LogHelper - HHH000204: Processing PersistenceUnitInfo [name: default]
2026-05-08 02:49:48 [restartedMain] INFO  o.h.c.i.RegionFactoryInitiator - HHH000026: Second-level cache disabled
2026-05-08 02:49:49 [restartedMain] INFO  o.s.o.j.p.SpringPersistenceUnitInfo - No LoadTimeWeaver setup: ignoring JPA class transformer
2026-05-08 02:49:49 [restartedMain] INFO  o.h.e.t.j.p.i.JtaPlatformInitiator - HHH000489: No JTA platform available (set 'hibernate.transaction.jta.platform' to enable JTA platform integration)
2026-05-08 02:49:49 [restartedMain] INFO  o.s.o.j.LocalContainerEntityManagerFactoryBean - Initialized JPA EntityManagerFactory for persistence unit 'default'
2026-05-08 02:49:49 [restartedMain] WARN  o.s.b.a.o.j.JpaBaseConfiguration$JpaWebConfiguration - spring.jpa.open-in-view is enabled by default. Therefore, database queries may be performed during view rendering. Explicitly configure spring.jpa.open-in-view to disable this warning
2026-05-08 02:49:49 [restartedMain] INFO  o.s.b.a.w.s.WelcomePageHandlerMapping - Adding welcome page template: index
2026-05-08 02:49:49 [restartedMain] INFO  o.s.s.web.DefaultSecurityFilterChain - Will secure Or [Mvc [pattern='/api/**']] with [org.springframework.security.web.session.DisableEncodeUrlFilter@797e3e0c, org.springframework.security.web.context.request.async.WebAsyncManagerIntegrationFilter@3db15720, org.springframework.security.web.context.SecurityContextHolderFilter@f3796ee, org.springframework.security.web.header.HeaderWriterFilter@14a13436, org.springframework.web.filter.CorsFilter@110073c4, org.springframework.security.web.authentication.logout.LogoutFilter@64e40dfe, com.rayokross.academy.security.jwt.JwtRequestFilter@547bd215, org.springframework.security.web.savedrequest.RequestCacheAwareFilter@60abd3e5, org.springframework.security.web.servletapi.SecurityContextHolderAwareRequestFilter@7d364b42, org.springframework.security.web.authentication.AnonymousAuthenticationFilter@6ba60f6e, org.springframework.security.web.session.SessionManagementFilter@54bfde96, org.springframework.security.web.access.ExceptionTranslationFilter@2049f74a, org.springframework.security.web.access.intercept.AuthorizationFilter@15cde228]
2026-05-08 02:49:49 [restartedMain] INFO  o.s.s.web.DefaultSecurityFilterChain - Will secure any request with [org.springframework.security.web.session.DisableEncodeUrlFilter@3ddc1b01, org.springframework.security.web.context.request.async.WebAsyncManagerIntegrationFilter@91bb153, org.springframework.security.web.context.SecurityContextHolderFilter@5ae3a4e1, org.springframework.security.web.header.HeaderWriterFilter@107d247b, org.springframework.web.filter.CorsFilter@7707ac3c, org.springframework.security.web.csrf.CsrfFilter@607416de, org.springframework.security.web.authentication.logout.LogoutFilter@15edfa3c, org.springframework.security.web.authentication.UsernamePasswordAuthenticationFilter@471a25c4, org.springframework.security.web.savedrequest.RequestCacheAwareFilter@1a619b85, org.springframework.security.web.servletapi.SecurityContextHolderAwareRequestFilter@2b492fc2, org.springframework.security.web.authentication.AnonymousAuthenticationFilter@6125931d, org.springframework.security.web.access.ExceptionTranslationFilter@51ac16b5, org.springframework.security.web.access.intercept.AuthorizationFilter@6113ee32]
2026-05-08 02:49:49 [restartedMain] INFO  o.s.b.d.a.OptionalLiveReloadServer - LiveReload server is running on port 35729
2026-05-08 02:49:49 [restartedMain] INFO  o.a.t.u.net.NioEndpoint.certificate - Connector [https-jsse-nio-8443], TLS virtual host [_default_], certificate type [UNDEFINED] configured from keystore [/Users/angelmenendezleyenda/.keystore] using alias [rayokross] with trust store [null]
2026-05-08 02:49:49 [restartedMain] INFO  o.s.b.w.e.tomcat.TomcatWebServer - Tomcat started on port 8443 (https) with context path ''
2026-05-08 02:49:49 [restartedMain] INFO  c.r.academy.AcademyApplication - Started AcademyApplication in 0.915 seconds (process running for 394.25)
2026-05-08 02:49:49 [restartedMain] INFO  o.s.b.d.a.ConditionEvaluationDeltaLoggingListener - Condition evaluation unchanged
2026-05-08 02:50:26 [File Watcher] INFO  o.s.b.d.a.LocalDevToolsAutoConfiguration$RestartingClassPathChangeChangedEventListener - Restarting due to 2 class path changes (0 additions, 0 deletions, 2 modifications)
2026-05-08 02:50:37 [Thread-7] WARN  org.apache.tomcat.util.net.Acceptor - The acceptor thread [https-jsse-nio-8443-Acceptor] did not stop cleanly
2026-05-08 02:50:37 [Thread-7] INFO  o.s.o.j.LocalContainerEntityManagerFactoryBean - Closing JPA EntityManagerFactory for persistence unit 'default'
2026-05-08 02:50:37 [Thread-7] INFO  com.zaxxer.hikari.HikariDataSource - HikariPool-2 - Shutdown initiated...
2026-05-08 02:50:37 [Thread-7] INFO  com.zaxxer.hikari.HikariDataSource - HikariPool-2 - Shutdown completed.
2026-05-08 02:50:37 [restartedMain] INFO  c.r.academy.AcademyApplication - Starting AcademyApplication using Java 21.0.10 with PID 93708 (/Users/angelmenendezleyenda/Desktop/project-grupo-7/target/classes started by angelmenendezleyenda in /Users/angelmenendezleyenda/Desktop/project-grupo-7)
2026-05-08 02:50:37 [restartedMain] INFO  c.r.academy.AcademyApplication - No active profile set, falling back to 1 default profile: "default"
2026-05-08 02:50:37 [restartedMain] INFO  o.s.d.r.c.RepositoryConfigurationDelegate - Bootstrapping Spring Data JPA repositories in DEFAULT mode.
2026-05-08 02:50:37 [restartedMain] INFO  o.s.d.r.c.RepositoryConfigurationDelegate - Finished Spring Data repository scanning in 9 ms. Found 4 JPA repository interfaces.
2026-05-08 02:50:37 [restartedMain] INFO  o.s.b.w.e.tomcat.TomcatWebServer - Tomcat initialized with port 8443 (https)
2026-05-08 02:50:37 [restartedMain] INFO  o.a.catalina.core.StandardService - Starting service [Tomcat]
2026-05-08 02:50:37 [restartedMain] INFO  o.a.catalina.core.StandardEngine - Starting Servlet engine: [Apache Tomcat/10.1.17]
2026-05-08 02:50:37 [restartedMain] INFO  o.a.c.c.C.[Tomcat].[localhost].[/] - Initializing Spring embedded WebApplicationContext
2026-05-08 02:50:37 [restartedMain] INFO  o.s.b.w.s.c.ServletWebServerApplicationContext - Root WebApplicationContext: initialization completed in 201 ms
2026-05-08 02:50:37 [restartedMain] INFO  com.zaxxer.hikari.HikariDataSource - HikariPool-3 - Starting...
2026-05-08 02:50:37 [restartedMain] INFO  com.zaxxer.hikari.pool.HikariPool - HikariPool-3 - Added connection com.mysql.cj.jdbc.ConnectionImpl@5c89152a
2026-05-08 02:50:37 [restartedMain] INFO  com.zaxxer.hikari.HikariDataSource - HikariPool-3 - Start completed.
2026-05-08 02:50:37 [restartedMain] INFO  o.s.b.a.h.H2ConsoleAutoConfiguration - H2 console available at '/h2-console'. Database available at 'jdbc:mysql://localhost:3306/rayokrossAcademy'
2026-05-08 02:50:37 [restartedMain] INFO  o.h.jpa.internal.util.LogHelper - HHH000204: Processing PersistenceUnitInfo [name: default]
2026-05-08 02:50:37 [restartedMain] INFO  o.h.c.i.RegionFactoryInitiator - HHH000026: Second-level cache disabled
2026-05-08 02:50:37 [restartedMain] INFO  o.s.o.j.p.SpringPersistenceUnitInfo - No LoadTimeWeaver setup: ignoring JPA class transformer
2026-05-08 02:50:37 [restartedMain] INFO  o.h.e.t.j.p.i.JtaPlatformInitiator - HHH000489: No JTA platform available (set 'hibernate.transaction.jta.platform' to enable JTA platform integration)
2026-05-08 02:50:37 [restartedMain] INFO  o.s.o.j.LocalContainerEntityManagerFactoryBean - Initialized JPA EntityManagerFactory for persistence unit 'default'
2026-05-08 02:50:38 [restartedMain] WARN  o.s.b.a.o.j.JpaBaseConfiguration$JpaWebConfiguration - spring.jpa.open-in-view is enabled by default. Therefore, database queries may be performed during view rendering. Explicitly configure spring.jpa.open-in-view to disable this warning
2026-05-08 02:50:38 [restartedMain] INFO  o.s.b.a.w.s.WelcomePageHandlerMapping - Adding welcome page template: index
2026-05-08 02:50:38 [restartedMain] INFO  o.s.s.web.DefaultSecurityFilterChain - Will secure Or [Mvc [pattern='/api/**']] with [org.springframework.security.web.session.DisableEncodeUrlFilter@745ace9, org.springframework.security.web.context.request.async.WebAsyncManagerIntegrationFilter@20121081, org.springframework.security.web.context.SecurityContextHolderFilter@61c33098, org.springframework.security.web.header.HeaderWriterFilter@13b6bec8, org.springframework.web.filter.CorsFilter@656827d8, org.springframework.security.web.authentication.logout.LogoutFilter@36923c5c, com.rayokross.academy.security.jwt.JwtRequestFilter@46dfdd9f, org.springframework.security.web.savedrequest.RequestCacheAwareFilter@4beeab72, org.springframework.security.web.servletapi.SecurityContextHolderAwareRequestFilter@6d080c39, org.springframework.security.web.authentication.AnonymousAuthenticationFilter@2839f71c, org.springframework.security.web.session.SessionManagementFilter@6ca9f5ec, org.springframework.security.web.access.ExceptionTranslationFilter@228100c2, org.springframework.security.web.access.intercept.AuthorizationFilter@25dd0829]
2026-05-08 02:50:38 [restartedMain] INFO  o.s.s.web.DefaultSecurityFilterChain - Will secure any request with [org.springframework.security.web.session.DisableEncodeUrlFilter@38238316, org.springframework.security.web.context.request.async.WebAsyncManagerIntegrationFilter@6086fa00, org.springframework.security.web.context.SecurityContextHolderFilter@21b7bece, org.springframework.security.web.header.HeaderWriterFilter@6152291d, org.springframework.web.filter.CorsFilter@15da0a98, org.springframework.security.web.csrf.CsrfFilter@1b19818a, org.springframework.security.web.authentication.logout.LogoutFilter@2d78786b, org.springframework.security.web.authentication.UsernamePasswordAuthenticationFilter@56761293, org.springframework.security.web.savedrequest.RequestCacheAwareFilter@76f57ea3, org.springframework.security.web.servletapi.SecurityContextHolderAwareRequestFilter@414f32aa, org.springframework.security.web.authentication.AnonymousAuthenticationFilter@73de703a, org.springframework.security.web.access.ExceptionTranslationFilter@1ff50f18, org.springframework.security.web.access.intercept.AuthorizationFilter@4847bddd]
2026-05-08 02:50:38 [restartedMain] INFO  o.s.b.d.a.OptionalLiveReloadServer - LiveReload server is running on port 35729
2026-05-08 02:50:38 [restartedMain] INFO  o.a.t.u.net.NioEndpoint.certificate - Connector [https-jsse-nio-8443], TLS virtual host [_default_], certificate type [UNDEFINED] configured from keystore [/Users/angelmenendezleyenda/.keystore] using alias [rayokross] with trust store [null]
2026-05-08 02:50:38 [restartedMain] INFO  o.s.b.w.e.tomcat.TomcatWebServer - Tomcat started on port 8443 (https) with context path ''
2026-05-08 02:50:38 [restartedMain] INFO  c.r.academy.AcademyApplication - Started AcademyApplication in 0.675 seconds (process running for 442.833)
2026-05-08 02:50:38 [restartedMain] INFO  o.s.b.d.a.ConditionEvaluationDeltaLoggingListener - Condition evaluation unchanged
2026-05-08 02:50:51 [File Watcher] INFO  o.s.b.d.a.LocalDevToolsAutoConfiguration$RestartingClassPathChangeChangedEventListener - Restarting due to 1 class path change (0 additions, 0 deletions, 1 modification)
2026-05-08 02:51:02 [Thread-11] WARN  org.apache.tomcat.util.net.Acceptor - The acceptor thread [https-jsse-nio-8443-Acceptor] did not stop cleanly
2026-05-08 02:51:02 [Thread-11] INFO  o.s.o.j.LocalContainerEntityManagerFactoryBean - Closing JPA EntityManagerFactory for persistence unit 'default'
2026-05-08 02:51:02 [Thread-11] INFO  com.zaxxer.hikari.HikariDataSource - HikariPool-3 - Shutdown initiated...
2026-05-08 02:51:02 [Thread-11] INFO  com.zaxxer.hikari.HikariDataSource - HikariPool-3 - Shutdown completed.
2026-05-08 02:51:02 [restartedMain] INFO  c.r.academy.AcademyApplication - Starting AcademyApplication using Java 21.0.10 with PID 93708 (/Users/angelmenendezleyenda/Desktop/project-grupo-7/target/classes started by angelmenendezleyenda in /Users/angelmenendezleyenda/Desktop/project-grupo-7)
2026-05-08 02:51:02 [restartedMain] INFO  c.r.academy.AcademyApplication - No active profile set, falling back to 1 default profile: "default"
2026-05-08 02:51:02 [restartedMain] INFO  o.s.d.r.c.RepositoryConfigurationDelegate - Bootstrapping Spring Data JPA repositories in DEFAULT mode.
2026-05-08 02:51:02 [restartedMain] INFO  o.s.d.r.c.RepositoryConfigurationDelegate - Finished Spring Data repository scanning in 9 ms. Found 4 JPA repository interfaces.
2026-05-08 02:51:03 [restartedMain] INFO  o.s.b.w.e.tomcat.TomcatWebServer - Tomcat initialized with port 8443 (https)
2026-05-08 02:51:03 [restartedMain] INFO  o.a.catalina.core.StandardService - Starting service [Tomcat]
2026-05-08 02:51:03 [restartedMain] INFO  o.a.catalina.core.StandardEngine - Starting Servlet engine: [Apache Tomcat/10.1.17]
2026-05-08 02:51:03 [restartedMain] INFO  o.a.c.c.C.[Tomcat].[localhost].[/] - Initializing Spring embedded WebApplicationContext
2026-05-08 02:51:03 [restartedMain] INFO  o.s.b.w.s.c.ServletWebServerApplicationContext - Root WebApplicationContext: initialization completed in 199 ms
2026-05-08 02:51:03 [restartedMain] INFO  com.zaxxer.hikari.HikariDataSource - HikariPool-4 - Starting...
2026-05-08 02:51:03 [restartedMain] INFO  com.zaxxer.hikari.pool.HikariPool - HikariPool-4 - Added connection com.mysql.cj.jdbc.ConnectionImpl@5181d6a3
2026-05-08 02:51:03 [restartedMain] INFO  com.zaxxer.hikari.HikariDataSource - HikariPool-4 - Start completed.
2026-05-08 02:51:03 [restartedMain] INFO  o.s.b.a.h.H2ConsoleAutoConfiguration - H2 console available at '/h2-console'. Database available at 'jdbc:mysql://localhost:3306/rayokrossAcademy'
2026-05-08 02:51:03 [restartedMain] INFO  o.h.jpa.internal.util.LogHelper - HHH000204: Processing PersistenceUnitInfo [name: default]
2026-05-08 02:51:03 [restartedMain] INFO  o.h.c.i.RegionFactoryInitiator - HHH000026: Second-level cache disabled
2026-05-08 02:51:03 [restartedMain] INFO  o.s.o.j.p.SpringPersistenceUnitInfo - No LoadTimeWeaver setup: ignoring JPA class transformer
2026-05-08 02:51:03 [restartedMain] INFO  o.h.e.t.j.p.i.JtaPlatformInitiator - HHH000489: No JTA platform available (set 'hibernate.transaction.jta.platform' to enable JTA platform integration)
2026-05-08 02:51:03 [restartedMain] INFO  o.s.o.j.LocalContainerEntityManagerFactoryBean - Initialized JPA EntityManagerFactory for persistence unit 'default'
2026-05-08 02:51:03 [restartedMain] WARN  o.s.b.a.o.j.JpaBaseConfiguration$JpaWebConfiguration - spring.jpa.open-in-view is enabled by default. Therefore, database queries may be performed during view rendering. Explicitly configure spring.jpa.open-in-view to disable this warning
2026-05-08 02:51:03 [restartedMain] INFO  o.s.b.a.w.s.WelcomePageHandlerMapping - Adding welcome page template: index
2026-05-08 02:51:03 [restartedMain] INFO  o.s.s.web.DefaultSecurityFilterChain - Will secure Or [Mvc [pattern='/api/**']] with [org.springframework.security.web.session.DisableEncodeUrlFilter@28d5a610, org.springframework.security.web.context.request.async.WebAsyncManagerIntegrationFilter@56bd7436, org.springframework.security.web.context.SecurityContextHolderFilter@6b7fecd1, org.springframework.security.web.header.HeaderWriterFilter@b505ff0, org.springframework.web.filter.CorsFilter@49d79edf, org.springframework.security.web.authentication.logout.LogoutFilter@13dda97d, com.rayokross.academy.security.jwt.JwtRequestFilter@3b85cb4f, org.springframework.security.web.savedrequest.RequestCacheAwareFilter@65657dc0, org.springframework.security.web.servletapi.SecurityContextHolderAwareRequestFilter@6c431143, org.springframework.security.web.authentication.AnonymousAuthenticationFilter@4c450631, org.springframework.security.web.session.SessionManagementFilter@183e78c9, org.springframework.security.web.access.ExceptionTranslationFilter@1353a8e6, org.springframework.security.web.access.intercept.AuthorizationFilter@29258642]
2026-05-08 02:51:03 [restartedMain] INFO  o.s.s.web.DefaultSecurityFilterChain - Will secure any request with [org.springframework.security.web.session.DisableEncodeUrlFilter@1ce88e75, org.springframework.security.web.context.request.async.WebAsyncManagerIntegrationFilter@207be12e, org.springframework.security.web.context.SecurityContextHolderFilter@1b9aa6d9, org.springframework.security.web.header.HeaderWriterFilter@5adec310, org.springframework.web.filter.CorsFilter@5a805e56, org.springframework.security.web.csrf.CsrfFilter@30f9a3a, org.springframework.security.web.authentication.logout.LogoutFilter@1efb2c71, org.springframework.security.web.authentication.UsernamePasswordAuthenticationFilter@5bb7b9d6, org.springframework.security.web.savedrequest.RequestCacheAwareFilter@64bb31da, org.springframework.security.web.servletapi.SecurityContextHolderAwareRequestFilter@7c736e08, org.springframework.security.web.authentication.AnonymousAuthenticationFilter@3c1f35d9, org.springframework.security.web.access.ExceptionTranslationFilter@69ce23d6, org.springframework.security.web.access.intercept.AuthorizationFilter@4497d2cd]
2026-05-08 02:51:03 [restartedMain] INFO  o.s.b.d.a.OptionalLiveReloadServer - LiveReload server is running on port 35729
2026-05-08 02:51:03 [restartedMain] INFO  o.a.t.u.net.NioEndpoint.certificate - Connector [https-jsse-nio-8443], TLS virtual host [_default_], certificate type [UNDEFINED] configured from keystore [/Users/angelmenendezleyenda/.keystore] using alias [rayokross] with trust store [null]
2026-05-08 02:51:03 [restartedMain] INFO  o.s.b.w.e.tomcat.TomcatWebServer - Tomcat started on port 8443 (https) with context path ''
2026-05-08 02:51:03 [restartedMain] INFO  c.r.academy.AcademyApplication - Started AcademyApplication in 0.696 seconds (process running for 468.179)
2026-05-08 02:51:03 [restartedMain] INFO  o.s.b.d.a.ConditionEvaluationDeltaLoggingListener - Condition evaluation unchanged
2026-05-08 02:51:40 [File Watcher] INFO  o.s.b.d.a.LocalDevToolsAutoConfiguration$RestartingClassPathChangeChangedEventListener - Restarting due to 1 class path change (0 additions, 0 deletions, 1 modification)
2026-05-08 02:51:51 [Thread-15] WARN  org.apache.tomcat.util.net.Acceptor - The acceptor thread [https-jsse-nio-8443-Acceptor] did not stop cleanly
2026-05-08 02:51:51 [Thread-15] INFO  o.s.o.j.LocalContainerEntityManagerFactoryBean - Closing JPA EntityManagerFactory for persistence unit 'default'
2026-05-08 02:51:51 [Thread-15] INFO  com.zaxxer.hikari.HikariDataSource - HikariPool-4 - Shutdown initiated...
2026-05-08 02:51:51 [Thread-15] INFO  com.zaxxer.hikari.HikariDataSource - HikariPool-4 - Shutdown completed.
2026-05-08 02:51:51 [restartedMain] INFO  c.r.academy.AcademyApplication - Starting AcademyApplication using Java 21.0.10 with PID 93708 (/Users/angelmenendezleyenda/Desktop/project-grupo-7/target/classes started by angelmenendezleyenda in /Users/angelmenendezleyenda/Desktop/project-grupo-7)
2026-05-08 02:51:51 [restartedMain] INFO  c.r.academy.AcademyApplication - No active profile set, falling back to 1 default profile: "default"
2026-05-08 02:51:51 [restartedMain] INFO  o.s.d.r.c.RepositoryConfigurationDelegate - Bootstrapping Spring Data JPA repositories in DEFAULT mode.
2026-05-08 02:51:51 [restartedMain] INFO  o.s.d.r.c.RepositoryConfigurationDelegate - Finished Spring Data repository scanning in 7 ms. Found 4 JPA repository interfaces.
2026-05-08 02:51:51 [restartedMain] INFO  o.s.b.w.e.tomcat.TomcatWebServer - Tomcat initialized with port 8443 (https)
2026-05-08 02:51:51 [restartedMain] INFO  o.a.catalina.core.StandardService - Starting service [Tomcat]
2026-05-08 02:51:51 [restartedMain] INFO  o.a.catalina.core.StandardEngine - Starting Servlet engine: [Apache Tomcat/10.1.17]
2026-05-08 02:51:51 [restartedMain] INFO  o.a.c.c.C.[Tomcat].[localhost].[/] - Initializing Spring embedded WebApplicationContext
2026-05-08 02:51:51 [restartedMain] INFO  o.s.b.w.s.c.ServletWebServerApplicationContext - Root WebApplicationContext: initialization completed in 192 ms
2026-05-08 02:51:51 [restartedMain] INFO  com.zaxxer.hikari.HikariDataSource - HikariPool-5 - Starting...
2026-05-08 02:51:51 [restartedMain] INFO  com.zaxxer.hikari.pool.HikariPool - HikariPool-5 - Added connection com.mysql.cj.jdbc.ConnectionImpl@428b94e0
2026-05-08 02:51:51 [restartedMain] INFO  com.zaxxer.hikari.HikariDataSource - HikariPool-5 - Start completed.
2026-05-08 02:51:51 [restartedMain] INFO  o.s.b.a.h.H2ConsoleAutoConfiguration - H2 console available at '/h2-console'. Database available at 'jdbc:mysql://localhost:3306/rayokrossAcademy'
2026-05-08 02:51:51 [restartedMain] INFO  o.h.jpa.internal.util.LogHelper - HHH000204: Processing PersistenceUnitInfo [name: default]
2026-05-08 02:51:51 [restartedMain] INFO  o.h.c.i.RegionFactoryInitiator - HHH000026: Second-level cache disabled
2026-05-08 02:51:51 [restartedMain] INFO  o.s.o.j.p.SpringPersistenceUnitInfo - No LoadTimeWeaver setup: ignoring JPA class transformer
2026-05-08 02:51:51 [restartedMain] INFO  o.h.e.t.j.p.i.JtaPlatformInitiator - HHH000489: No JTA platform available (set 'hibernate.transaction.jta.platform' to enable JTA platform integration)
2026-05-08 02:51:51 [restartedMain] INFO  o.s.o.j.LocalContainerEntityManagerFactoryBean - Initialized JPA EntityManagerFactory for persistence unit 'default'
2026-05-08 02:51:52 [restartedMain] WARN  o.s.b.a.o.j.JpaBaseConfiguration$JpaWebConfiguration - spring.jpa.open-in-view is enabled by default. Therefore, database queries may be performed during view rendering. Explicitly configure spring.jpa.open-in-view to disable this warning
2026-05-08 02:51:52 [restartedMain] INFO  o.s.b.a.w.s.WelcomePageHandlerMapping - Adding welcome page template: index
2026-05-08 02:51:52 [restartedMain] INFO  o.s.s.web.DefaultSecurityFilterChain - Will secure Or [Mvc [pattern='/api/**']] with [org.springframework.security.web.session.DisableEncodeUrlFilter@45d0df85, org.springframework.security.web.context.request.async.WebAsyncManagerIntegrationFilter@32d4dbb3, org.springframework.security.web.context.SecurityContextHolderFilter@5956101, org.springframework.security.web.header.HeaderWriterFilter@24006628, org.springframework.web.filter.CorsFilter@1acf9e2a, org.springframework.security.web.authentication.logout.LogoutFilter@14cc77e3, com.rayokross.academy.security.jwt.JwtRequestFilter@33938e74, org.springframework.security.web.savedrequest.RequestCacheAwareFilter@3a36b061, org.springframework.security.web.servletapi.SecurityContextHolderAwareRequestFilter@1d20a029, org.springframework.security.web.authentication.AnonymousAuthenticationFilter@64ee102d, org.springframework.security.web.session.SessionManagementFilter@2080ff16, org.springframework.security.web.access.ExceptionTranslationFilter@3a30b59f, org.springframework.security.web.access.intercept.AuthorizationFilter@3cfa21c]
2026-05-08 02:51:52 [restartedMain] INFO  o.s.s.web.DefaultSecurityFilterChain - Will secure any request with [org.springframework.security.web.session.DisableEncodeUrlFilter@b2f0c79, org.springframework.security.web.context.request.async.WebAsyncManagerIntegrationFilter@71b4cddf, org.springframework.security.web.context.SecurityContextHolderFilter@520a6517, org.springframework.security.web.header.HeaderWriterFilter@2d38f390, org.springframework.web.filter.CorsFilter@7f7d0eec, org.springframework.security.web.csrf.CsrfFilter@66e72c28, org.springframework.security.web.authentication.logout.LogoutFilter@3e80c8b5, org.springframework.security.web.authentication.UsernamePasswordAuthenticationFilter@3352bfc6, org.springframework.security.web.savedrequest.RequestCacheAwareFilter@d538512, org.springframework.security.web.servletapi.SecurityContextHolderAwareRequestFilter@556dedc5, org.springframework.security.web.authentication.AnonymousAuthenticationFilter@59f7224a, org.springframework.security.web.access.ExceptionTranslationFilter@301d0f62, org.springframework.security.web.access.intercept.AuthorizationFilter@1553629f]
2026-05-08 02:51:52 [restartedMain] INFO  o.s.b.d.a.OptionalLiveReloadServer - LiveReload server is running on port 35729
2026-05-08 02:51:52 [restartedMain] INFO  o.a.t.u.net.NioEndpoint.certificate - Connector [https-jsse-nio-8443], TLS virtual host [_default_], certificate type [UNDEFINED] configured from keystore [/Users/angelmenendezleyenda/.keystore] using alias [rayokross] with trust store [null]
2026-05-08 02:51:52 [restartedMain] INFO  o.s.b.w.e.tomcat.TomcatWebServer - Tomcat started on port 8443 (https) with context path ''
2026-05-08 02:51:52 [restartedMain] INFO  c.r.academy.AcademyApplication - Started AcademyApplication in 0.648 seconds (process running for 516.796)
2026-05-08 02:51:52 [restartedMain] INFO  o.s.b.d.a.ConditionEvaluationDeltaLoggingListener - Condition evaluation unchanged
2026-05-08 02:52:31 [https-jsse-nio-8443-exec-9] INFO  o.a.c.c.C.[Tomcat].[localhost].[/] - Initializing Spring DispatcherServlet 'dispatcherServlet'
2026-05-08 02:52:31 [https-jsse-nio-8443-exec-9] INFO  o.s.web.servlet.DispatcherServlet - Initializing Servlet 'dispatcherServlet'
2026-05-08 02:52:31 [https-jsse-nio-8443-exec-9] INFO  o.s.web.servlet.DispatcherServlet - Completed initialization in 2 ms
2026-05-08 02:52:31 [https-jsse-nio-8443-exec-9] INFO  c.r.a.security.jwt.JwtRequestFilter - No access token cookie found in request
2026-05-08 02:52:31 [https-jsse-nio-8443-exec-10] INFO  c.r.a.security.jwt.JwtRequestFilter - No access token cookie found in request
2026-05-08 02:52:31 [https-jsse-nio-8443-exec-2] INFO  c.r.a.security.jwt.JwtRequestFilter - No access token cookie found in request
2026-05-08 02:53:04 [https-jsse-nio-8443-exec-9] INFO  c.r.a.security.jwt.JwtRequestFilter - No access token cookie found in request
2026-05-08 02:53:04 [https-jsse-nio-8443-exec-9] INFO  c.r.a.security.LoginEventListener - Login successful for user student@rayokross.com
2026-05-08 02:53:04 [https-jsse-nio-8443-exec-9] INFO  c.r.a.security.jwt.UserLoginService - A09 EVENT: Login exitoso para el usuario 'student@rayokross.com'
2026-05-08 02:53:53 [https-jsse-nio-8443-exec-2] INFO  c.r.a.services.EnrollmentService - Fetching paginated enrollments for user: student@rayokross.com
2026-05-08 02:54:00 [https-jsse-nio-8443-exec-3] INFO  c.r.a.services.EnrollmentService - Fetching paginated enrollments for user: student@rayokross.com
2026-05-08 02:54:02 [https-jsse-nio-8443-exec-4] INFO  c.r.a.services.EnrollmentService - Fetching paginated enrollments for user: student@rayokross.com
2026-05-08 02:54:06 [https-jsse-nio-8443-exec-5] INFO  c.r.a.services.EnrollmentService - Fetching paginated enrollments for user: student@rayokross.com
2026-05-08 02:55:45 [File Watcher] INFO  o.s.b.d.a.LocalDevToolsAutoConfiguration$RestartingClassPathChangeChangedEventListener - Restarting due to 1 class path change (0 additions, 0 deletions, 1 modification)
2026-05-08 02:55:56 [Thread-19] WARN  org.apache.tomcat.util.net.Acceptor - The acceptor thread [https-jsse-nio-8443-Acceptor] did not stop cleanly
2026-05-08 02:55:56 [Thread-19] INFO  o.s.o.j.LocalContainerEntityManagerFactoryBean - Closing JPA EntityManagerFactory for persistence unit 'default'
2026-05-08 02:55:56 [Thread-19] INFO  com.zaxxer.hikari.HikariDataSource - HikariPool-5 - Shutdown initiated...
2026-05-08 02:55:56 [Thread-19] INFO  com.zaxxer.hikari.HikariDataSource - HikariPool-5 - Shutdown completed.
2026-05-08 02:55:56 [restartedMain] INFO  c.r.academy.AcademyApplication - Starting AcademyApplication using Java 21.0.10 with PID 93708 (/Users/angelmenendezleyenda/Desktop/project-grupo-7/target/classes started by angelmenendezleyenda in /Users/angelmenendezleyenda/Desktop/project-grupo-7)
2026-05-08 02:55:56 [restartedMain] INFO  c.r.academy.AcademyApplication - No active profile set, falling back to 1 default profile: "default"
2026-05-08 02:55:56 [restartedMain] INFO  o.s.d.r.c.RepositoryConfigurationDelegate - Bootstrapping Spring Data JPA repositories in DEFAULT mode.
2026-05-08 02:55:56 [restartedMain] INFO  o.s.d.r.c.RepositoryConfigurationDelegate - Finished Spring Data repository scanning in 8 ms. Found 4 JPA repository interfaces.
2026-05-08 02:55:56 [restartedMain] INFO  o.s.b.w.e.tomcat.TomcatWebServer - Tomcat initialized with port 8443 (https)
2026-05-08 02:55:56 [restartedMain] INFO  o.a.catalina.core.StandardService - Starting service [Tomcat]
2026-05-08 02:55:56 [restartedMain] INFO  o.a.catalina.core.StandardEngine - Starting Servlet engine: [Apache Tomcat/10.1.17]
2026-05-08 02:55:56 [restartedMain] INFO  o.a.c.c.C.[Tomcat].[localhost].[/] - Initializing Spring embedded WebApplicationContext
2026-05-08 02:55:56 [restartedMain] INFO  o.s.b.w.s.c.ServletWebServerApplicationContext - Root WebApplicationContext: initialization completed in 184 ms
2026-05-08 02:55:56 [restartedMain] INFO  com.zaxxer.hikari.HikariDataSource - HikariPool-6 - Starting...
2026-05-08 02:55:56 [restartedMain] INFO  com.zaxxer.hikari.pool.HikariPool - HikariPool-6 - Added connection com.mysql.cj.jdbc.ConnectionImpl@6933cf2
2026-05-08 02:55:56 [restartedMain] INFO  com.zaxxer.hikari.HikariDataSource - HikariPool-6 - Start completed.
2026-05-08 02:55:56 [restartedMain] INFO  o.s.b.a.h.H2ConsoleAutoConfiguration - H2 console available at '/h2-console'. Database available at 'jdbc:mysql://localhost:3306/rayokrossAcademy'
2026-05-08 02:55:56 [restartedMain] INFO  o.h.jpa.internal.util.LogHelper - HHH000204: Processing PersistenceUnitInfo [name: default]
2026-05-08 02:55:56 [restartedMain] INFO  o.h.c.i.RegionFactoryInitiator - HHH000026: Second-level cache disabled
2026-05-08 02:55:56 [restartedMain] INFO  o.s.o.j.p.SpringPersistenceUnitInfo - No LoadTimeWeaver setup: ignoring JPA class transformer
2026-05-08 02:55:56 [restartedMain] INFO  o.h.e.t.j.p.i.JtaPlatformInitiator - HHH000489: No JTA platform available (set 'hibernate.transaction.jta.platform' to enable JTA platform integration)
2026-05-08 02:55:57 [restartedMain] INFO  o.s.o.j.LocalContainerEntityManagerFactoryBean - Initialized JPA EntityManagerFactory for persistence unit 'default'
2026-05-08 02:55:57 [restartedMain] WARN  o.s.b.a.o.j.JpaBaseConfiguration$JpaWebConfiguration - spring.jpa.open-in-view is enabled by default. Therefore, database queries may be performed during view rendering. Explicitly configure spring.jpa.open-in-view to disable this warning
2026-05-08 02:55:57 [restartedMain] INFO  o.s.b.a.w.s.WelcomePageHandlerMapping - Adding welcome page template: index
2026-05-08 02:55:57 [restartedMain] INFO  o.s.s.web.DefaultSecurityFilterChain - Will secure Or [Mvc [pattern='/api/**']] with [org.springframework.security.web.session.DisableEncodeUrlFilter@71ccc0fd, org.springframework.security.web.context.request.async.WebAsyncManagerIntegrationFilter@46e395ef, org.springframework.security.web.context.SecurityContextHolderFilter@549e47e6, org.springframework.security.web.header.HeaderWriterFilter@2e96d4ea, org.springframework.web.filter.CorsFilter@28770ad3, org.springframework.security.web.authentication.logout.LogoutFilter@b8783e8, com.rayokross.academy.security.jwt.JwtRequestFilter@2d868e0f, org.springframework.security.web.savedrequest.RequestCacheAwareFilter@353c9782, org.springframework.security.web.servletapi.SecurityContextHolderAwareRequestFilter@2d95344b, org.springframework.security.web.authentication.AnonymousAuthenticationFilter@584d0078, org.springframework.security.web.session.SessionManagementFilter@3ab75444, org.springframework.security.web.access.ExceptionTranslationFilter@2608e96e, org.springframework.security.web.access.intercept.AuthorizationFilter@5ee5d5f0]
2026-05-08 02:55:57 [restartedMain] INFO  o.s.s.web.DefaultSecurityFilterChain - Will secure any request with [org.springframework.security.web.session.DisableEncodeUrlFilter@6e4c0538, org.springframework.security.web.context.request.async.WebAsyncManagerIntegrationFilter@1a1654c0, org.springframework.security.web.context.SecurityContextHolderFilter@1a0d33fa, org.springframework.security.web.header.HeaderWriterFilter@48b5db77, org.springframework.web.filter.CorsFilter@f99cada, org.springframework.security.web.csrf.CsrfFilter@71e029ea, org.springframework.security.web.authentication.logout.LogoutFilter@4ee6b691, org.springframework.security.web.authentication.UsernamePasswordAuthenticationFilter@15e57b2b, org.springframework.security.web.savedrequest.RequestCacheAwareFilter@6ad2e628, org.springframework.security.web.servletapi.SecurityContextHolderAwareRequestFilter@5b8fd64d, org.springframework.security.web.authentication.AnonymousAuthenticationFilter@311bc421, org.springframework.security.web.access.ExceptionTranslationFilter@867216e, org.springframework.security.web.access.intercept.AuthorizationFilter@16e06f4f]
2026-05-08 02:55:57 [restartedMain] INFO  o.s.b.d.a.OptionalLiveReloadServer - LiveReload server is running on port 35729
2026-05-08 02:55:57 [restartedMain] INFO  o.a.t.u.net.NioEndpoint.certificate - Connector [https-jsse-nio-8443], TLS virtual host [_default_], certificate type [UNDEFINED] configured from keystore [/Users/angelmenendezleyenda/.keystore] using alias [rayokross] with trust store [null]
2026-05-08 02:55:57 [restartedMain] INFO  o.s.b.w.e.tomcat.TomcatWebServer - Tomcat started on port 8443 (https) with context path ''
2026-05-08 02:55:57 [restartedMain] INFO  c.r.academy.AcademyApplication - Started AcademyApplication in 0.625 seconds (process running for 761.984)
2026-05-08 02:55:57 [restartedMain] INFO  o.s.b.d.a.ConditionEvaluationDeltaLoggingListener - Condition evaluation unchanged
2026-05-08 02:56:22 [https-jsse-nio-8443-exec-4] INFO  o.a.c.c.C.[Tomcat].[localhost].[/] - Initializing Spring DispatcherServlet 'dispatcherServlet'
2026-05-08 02:56:22 [https-jsse-nio-8443-exec-4] INFO  o.s.web.servlet.DispatcherServlet - Initializing Servlet 'dispatcherServlet'
2026-05-08 02:56:22 [https-jsse-nio-8443-exec-4] INFO  o.s.web.servlet.DispatcherServlet - Completed initialization in 1 ms
2026-05-08 02:56:22 [https-jsse-nio-8443-exec-4] INFO  c.r.a.security.jwt.JwtRequestFilter - JWT signature does not match locally computed signature. JWT validity cannot be asserted and should not be trusted.
2026-05-08 02:56:22 [https-jsse-nio-8443-exec-4] INFO  c.r.a.s.jwt.UnauthorizedHandlerJwt - Unauthorized error: Full authentication is required to access this resource
2026-05-08 02:56:49 [https-jsse-nio-8443-exec-7] INFO  c.r.a.security.jwt.JwtRequestFilter - JWT signature does not match locally computed signature. JWT validity cannot be asserted and should not be trusted.
2026-05-08 02:56:49 [https-jsse-nio-8443-exec-7] WARN  o.s.w.s.m.m.a.ExceptionHandlerExceptionResolver - Resolved [org.springframework.web.HttpRequestMethodNotSupportedException: Request method 'GET' is not supported]
2026-05-08 02:56:51 [https-jsse-nio-8443-exec-3] INFO  c.r.a.security.jwt.JwtRequestFilter - JWT signature does not match locally computed signature. JWT validity cannot be asserted and should not be trusted.
2026-05-08 02:56:52 [https-jsse-nio-8443-exec-3] INFO  c.r.a.security.LoginEventListener - Login successful for user admin@rayokross.com
2026-05-08 02:56:52 [https-jsse-nio-8443-exec-3] INFO  c.r.a.security.jwt.UserLoginService - A09 EVENT: Login exitoso para el usuario 'admin@rayokross.com'
2026-05-08 02:57:05 [https-jsse-nio-8443-exec-5] WARN  o.s.w.s.m.m.a.ExceptionHandlerExceptionResolver - Resolved [org.springframework.web.HttpRequestMethodNotSupportedException: Request method 'POST' is not supported]
2026-05-08 02:57:27 [https-jsse-nio-8443-exec-10] WARN  o.s.w.s.m.m.a.ExceptionHandlerExceptionResolver - Resolved [org.springframework.web.HttpRequestMethodNotSupportedException: Request method 'POST' is not supported]
2026-05-08 02:58:22 [https-jsse-nio-8443-exec-4] WARN  o.s.w.s.m.m.a.ExceptionHandlerExceptionResolver - Resolved [org.springframework.web.HttpRequestMethodNotSupportedException: Request method 'POST' is not supported]
2026-05-08 02:58:35 [https-jsse-nio-8443-exec-1] WARN  o.s.w.s.m.m.a.ExceptionHandlerExceptionResolver - Resolved [org.springframework.web.HttpRequestMethodNotSupportedException: Request method 'POST' is not supported]
2026-05-08 02:58:42 [https-jsse-nio-8443-exec-7] WARN  o.s.w.s.m.m.a.ExceptionHandlerExceptionResolver - Resolved [org.springframework.web.HttpRequestMethodNotSupportedException: Request method 'POST' is not supported]
2026-05-08 02:58:48 [https-jsse-nio-8443-exec-5] WARN  o.s.w.s.m.m.a.ExceptionHandlerExceptionResolver - Resolved [org.springframework.web.HttpRequestMethodNotSupportedException: Request method 'POST' is not supported]
2026-05-08 02:59:33 [https-jsse-nio-8443-exec-1] INFO  c.r.a.security.jwt.JwtRequestFilter - No access token cookie found in request
2026-05-08 02:59:34 [https-jsse-nio-8443-exec-2] INFO  c.r.a.security.jwt.JwtRequestFilter - No access token cookie found in request
2026-05-08 02:59:34 [https-jsse-nio-8443-exec-1] INFO  c.r.a.security.jwt.JwtRequestFilter - No access token cookie found in request
2026-05-08 02:59:34 [https-jsse-nio-8443-exec-4] INFO  c.r.a.security.jwt.JwtRequestFilter - No access token cookie found in request
2026-05-08 02:59:34 [https-jsse-nio-8443-exec-7] INFO  c.r.a.security.jwt.JwtRequestFilter - No access token cookie found in request
2026-05-08 02:59:34 [https-jsse-nio-8443-exec-9] INFO  c.r.a.security.jwt.JwtRequestFilter - No access token cookie found in request
2026-05-08 02:59:34 [https-jsse-nio-8443-exec-10] INFO  c.r.a.security.jwt.JwtRequestFilter - No access token cookie found in request
2026-05-08 02:59:34 [https-jsse-nio-8443-exec-3] INFO  c.r.a.security.jwt.JwtRequestFilter - No access token cookie found in request
2026-05-08 02:59:34 [https-jsse-nio-8443-exec-5] INFO  c.r.a.security.jwt.JwtRequestFilter - No access token cookie found in request
2026-05-08 02:59:34 [https-jsse-nio-8443-exec-8] INFO  c.r.a.security.jwt.JwtRequestFilter - No access token cookie found in request
2026-05-08 02:59:34 [https-jsse-nio-8443-exec-9] INFO  c.r.a.security.jwt.JwtRequestFilter - No access token cookie found in request
2026-05-08 02:59:34 [https-jsse-nio-8443-exec-2] INFO  c.r.a.security.jwt.JwtRequestFilter - No access token cookie found in request
2026-05-08 02:59:34 [https-jsse-nio-8443-exec-5] INFO  c.r.a.security.jwt.JwtRequestFilter - No access token cookie found in request
2026-05-08 02:59:34 [https-jsse-nio-8443-exec-8] INFO  c.r.a.security.jwt.JwtRequestFilter - No access token cookie found in request
2026-05-08 02:59:35 [https-jsse-nio-8443-exec-10] INFO  c.r.a.security.jwt.JwtRequestFilter - No access token cookie found in request
2026-05-08 02:59:35 [https-jsse-nio-8443-exec-1] INFO  c.r.a.security.jwt.JwtRequestFilter - No access token cookie found in request
2026-05-08 02:59:35 [https-jsse-nio-8443-exec-3] INFO  c.r.a.security.jwt.JwtRequestFilter - No access token cookie found in request
2026-05-08 02:59:35 [https-jsse-nio-8443-exec-7] INFO  c.r.a.security.jwt.JwtRequestFilter - No access token cookie found in request
2026-05-08 03:00:30 [SpringApplicationShutdownHook] INFO  o.s.o.j.LocalContainerEntityManagerFactoryBean - Closing JPA EntityManagerFactory for persistence unit 'default'
2026-05-08 03:00:30 [SpringApplicationShutdownHook] INFO  com.zaxxer.hikari.HikariDataSource - HikariPool-6 - Shutdown initiated...
2026-05-08 03:00:30 [SpringApplicationShutdownHook] INFO  com.zaxxer.hikari.HikariDataSource - HikariPool-6 - Shutdown completed.
2026-05-08 03:02:53 [restartedMain] INFO  c.r.academy.AcademyApplication - Starting AcademyApplication using Java 21.0.11 with PID 5520 (C:\Users\danie\OneDrive\Escritorio\project-grupo-7\target\classes started by danie in C:\Users\danie\OneDrive\Escritorio\project-grupo-7)
2026-05-08 03:02:53 [restartedMain] INFO  c.r.academy.AcademyApplication - No active profile set, falling back to 1 default profile: "default"
2026-05-08 03:02:53 [restartedMain] INFO  o.s.b.d.e.DevToolsPropertyDefaultsPostProcessor - Devtools property defaults active! Set 'spring.devtools.add-properties' to 'false' to disable
2026-05-08 03:02:55 [restartedMain] INFO  o.s.d.r.c.RepositoryConfigurationDelegate - Bootstrapping Spring Data JPA repositories in DEFAULT mode.
2026-05-08 03:02:55 [restartedMain] INFO  o.s.d.r.c.RepositoryConfigurationDelegate - Finished Spring Data repository scanning in 115 ms. Found 4 JPA repository interfaces.
2026-05-08 03:02:56 [restartedMain] INFO  o.s.b.w.e.tomcat.TomcatWebServer - Tomcat initialized with port 8443 (https)
2026-05-08 03:02:56 [restartedMain] INFO  o.a.catalina.core.StandardService - Starting service [Tomcat]
2026-05-08 03:02:56 [restartedMain] INFO  o.a.catalina.core.StandardEngine - Starting Servlet engine: [Apache Tomcat/10.1.17]
2026-05-08 03:02:56 [restartedMain] INFO  o.a.c.c.C.[Tomcat].[localhost].[/] - Initializing Spring embedded WebApplicationContext
2026-05-08 03:02:56 [restartedMain] INFO  o.s.b.w.s.c.ServletWebServerApplicationContext - Root WebApplicationContext: initialization completed in 2909 ms
2026-05-08 03:02:56 [restartedMain] INFO  com.zaxxer.hikari.HikariDataSource - HikariPool-1 - Starting...
2026-05-08 03:02:57 [restartedMain] INFO  com.zaxxer.hikari.pool.HikariPool - HikariPool-1 - Added connection com.mysql.cj.jdbc.ConnectionImpl@27934121
2026-05-08 03:02:57 [restartedMain] INFO  com.zaxxer.hikari.HikariDataSource - HikariPool-1 - Start completed.
2026-05-08 03:02:57 [restartedMain] INFO  o.s.b.a.h.H2ConsoleAutoConfiguration - H2 console available at '/h2-console'. Database available at 'jdbc:mysql://localhost:3306/rayokrossAcademy'
2026-05-08 03:02:57 [restartedMain] INFO  o.h.jpa.internal.util.LogHelper - HHH000204: Processing PersistenceUnitInfo [name: default]
2026-05-08 03:02:57 [restartedMain] INFO  org.hibernate.Version - HHH000412: Hibernate ORM core version 6.4.1.Final
2026-05-08 03:02:57 [restartedMain] INFO  o.h.c.i.RegionFactoryInitiator - HHH000026: Second-level cache disabled
2026-05-08 03:02:58 [restartedMain] INFO  o.s.o.j.p.SpringPersistenceUnitInfo - No LoadTimeWeaver setup: ignoring JPA class transformer
2026-05-08 03:02:59 [restartedMain] INFO  o.h.e.t.j.p.i.JtaPlatformInitiator - HHH000489: No JTA platform available (set 'hibernate.transaction.jta.platform' to enable JTA platform integration)
2026-05-08 03:02:59 [restartedMain] INFO  o.s.o.j.LocalContainerEntityManagerFactoryBean - Initialized JPA EntityManagerFactory for persistence unit 'default'
2026-05-08 03:03:01 [restartedMain] WARN  o.s.b.a.o.j.JpaBaseConfiguration$JpaWebConfiguration - spring.jpa.open-in-view is enabled by default. Therefore, database queries may be performed during view rendering. Explicitly configure spring.jpa.open-in-view to disable this warning
2026-05-08 03:03:01 [restartedMain] INFO  o.s.b.a.w.s.WelcomePageHandlerMapping - Adding welcome page template: index
2026-05-08 03:03:01 [restartedMain] INFO  o.s.s.web.DefaultSecurityFilterChain - Will secure Or [Mvc [pattern='/api/**']] with [org.springframework.security.web.session.DisableEncodeUrlFilter@66f7623a, org.springframework.security.web.context.request.async.WebAsyncManagerIntegrationFilter@2190a872, org.springframework.security.web.context.SecurityContextHolderFilter@6aa0b544, org.springframework.security.web.header.HeaderWriterFilter@663f5305, org.springframework.web.filter.CorsFilter@18c67f91, org.springframework.security.web.authentication.logout.LogoutFilter@3caec45d, com.rayokross.academy.security.jwt.JwtRequestFilter@5f1bb674, org.springframework.security.web.savedrequest.RequestCacheAwareFilter@7bef5cdd, org.springframework.security.web.servletapi.SecurityContextHolderAwareRequestFilter@5ec6b36c, org.springframework.security.web.authentication.AnonymousAuthenticationFilter@7c7b0a0a, org.springframework.security.web.session.SessionManagementFilter@4b87bb61, org.springframework.security.web.access.ExceptionTranslationFilter@41945e33, org.springframework.security.web.access.intercept.AuthorizationFilter@5c136670]
2026-05-08 03:03:01 [restartedMain] INFO  o.s.s.web.DefaultSecurityFilterChain - Will secure any request with [org.springframework.security.web.session.DisableEncodeUrlFilter@6c77f6ed, org.springframework.security.web.context.request.async.WebAsyncManagerIntegrationFilter@67abd7c7, org.springframework.security.web.context.SecurityContextHolderFilter@3ab8ee5f, org.springframework.security.web.header.HeaderWriterFilter@eed1496, org.springframework.web.filter.CorsFilter@22643f3a, org.springframework.security.web.csrf.CsrfFilter@c11ff20, org.springframework.security.web.authentication.logout.LogoutFilter@614a6c67, org.springframework.security.web.authentication.UsernamePasswordAuthenticationFilter@5e6c8013, org.springframework.security.web.savedrequest.RequestCacheAwareFilter@3953fed7, org.springframework.security.web.servletapi.SecurityContextHolderAwareRequestFilter@7ad241c9, org.springframework.security.web.authentication.AnonymousAuthenticationFilter@18324f7d, org.springframework.security.web.access.ExceptionTranslationFilter@43900a4e, org.springframework.security.web.access.intercept.AuthorizationFilter@2f7d4ef6]
2026-05-08 03:03:02 [restartedMain] INFO  o.s.b.d.a.OptionalLiveReloadServer - LiveReload server is running on port 35729
2026-05-08 03:03:02 [restartedMain] INFO  o.a.t.u.net.NioEndpoint.certificate - Connector [https-jsse-nio-8443], TLS virtual host [_default_], certificate type [UNDEFINED] configured from keystore [C:\Users\danie\.keystore] using alias [rayokross] with trust store [null]
2026-05-08 03:03:02 [restartedMain] INFO  o.s.b.w.e.tomcat.TomcatWebServer - Tomcat started on port 8443 (https) with context path ''
2026-05-08 03:03:02 [restartedMain] INFO  c.r.academy.AcademyApplication - Started AcademyApplication in 9.093 seconds (process running for 10.205)
2026-05-08 03:03:05 [https-jsse-nio-8443-exec-9] INFO  o.a.c.c.C.[Tomcat].[localhost].[/] - Initializing Spring DispatcherServlet 'dispatcherServlet'
2026-05-08 03:03:05 [https-jsse-nio-8443-exec-9] INFO  o.s.web.servlet.DispatcherServlet - Initializing Servlet 'dispatcherServlet'
2026-05-08 03:03:05 [https-jsse-nio-8443-exec-9] INFO  o.s.web.servlet.DispatcherServlet - Completed initialization in 2 ms
2026-05-08 03:03:06 [https-jsse-nio-8443-exec-9] INFO  c.r.a.security.jwt.JwtRequestFilter - No access token cookie found in request
2026-05-08 03:03:06 [https-jsse-nio-8443-exec-5] INFO  c.r.a.security.jwt.JwtRequestFilter - No access token cookie found in request
2026-05-08 03:03:06 [https-jsse-nio-8443-exec-2] INFO  c.r.a.security.jwt.JwtRequestFilter - No access token cookie found in request
2026-05-08 03:03:06 [https-jsse-nio-8443-exec-1] INFO  c.r.a.security.jwt.JwtRequestFilter - No access token cookie found in request
2026-05-08 03:03:06 [https-jsse-nio-8443-exec-7] INFO  c.r.a.security.jwt.JwtRequestFilter - No access token cookie found in request
2026-05-08 03:03:06 [https-jsse-nio-8443-exec-6] INFO  c.r.a.security.jwt.JwtRequestFilter - No access token cookie found in request
2026-05-08 03:03:13 [SpringApplicationShutdownHook] INFO  o.s.o.j.LocalContainerEntityManagerFactoryBean - Closing JPA EntityManagerFactory for persistence unit 'default'
2026-05-08 03:03:13 [SpringApplicationShutdownHook] INFO  com.zaxxer.hikari.HikariDataSource - HikariPool-1 - Shutdown initiated...
2026-05-08 03:03:13 [SpringApplicationShutdownHook] INFO  com.zaxxer.hikari.HikariDataSource - HikariPool-1 - Shutdown completed.
2026-05-08 03:20:04 [restartedMain] INFO  c.r.academy.AcademyApplication - Starting AcademyApplication using Java 21.0.11 with PID 12008 (C:\Users\danie\OneDrive\Escritorio\project-grupo-7\target\classes started by danie in C:\Users\danie\OneDrive\Escritorio\project-grupo-7)
2026-05-08 03:20:04 [restartedMain] INFO  c.r.academy.AcademyApplication - No active profile set, falling back to 1 default profile: "default"
2026-05-08 03:20:04 [restartedMain] INFO  o.s.b.d.e.DevToolsPropertyDefaultsPostProcessor - Devtools property defaults active! Set 'spring.devtools.add-properties' to 'false' to disable
2026-05-08 03:20:06 [restartedMain] INFO  o.s.d.r.c.RepositoryConfigurationDelegate - Bootstrapping Spring Data JPA repositories in DEFAULT mode.
2026-05-08 03:20:06 [restartedMain] INFO  o.s.d.r.c.RepositoryConfigurationDelegate - Finished Spring Data repository scanning in 107 ms. Found 4 JPA repository interfaces.
2026-05-08 03:20:07 [restartedMain] INFO  o.s.b.w.e.tomcat.TomcatWebServer - Tomcat initialized with port 8443 (https)
2026-05-08 03:20:07 [restartedMain] INFO  o.a.catalina.core.StandardService - Starting service [Tomcat]
2026-05-08 03:20:07 [restartedMain] INFO  o.a.catalina.core.StandardEngine - Starting Servlet engine: [Apache Tomcat/10.1.17]
2026-05-08 03:20:07 [restartedMain] INFO  o.a.c.c.C.[Tomcat].[localhost].[/] - Initializing Spring embedded WebApplicationContext
2026-05-08 03:20:07 [restartedMain] INFO  o.s.b.w.s.c.ServletWebServerApplicationContext - Root WebApplicationContext: initialization completed in 3022 ms
2026-05-08 03:20:07 [restartedMain] INFO  com.zaxxer.hikari.HikariDataSource - HikariPool-1 - Starting...
2026-05-08 03:20:08 [restartedMain] INFO  com.zaxxer.hikari.pool.HikariPool - HikariPool-1 - Added connection com.mysql.cj.jdbc.ConnectionImpl@555e4082
2026-05-08 03:20:08 [restartedMain] INFO  com.zaxxer.hikari.HikariDataSource - HikariPool-1 - Start completed.
2026-05-08 03:20:08 [restartedMain] INFO  o.s.b.a.h.H2ConsoleAutoConfiguration - H2 console available at '/h2-console'. Database available at 'jdbc:mysql://localhost:3306/rayokrossAcademy'
2026-05-08 03:20:08 [restartedMain] INFO  o.h.jpa.internal.util.LogHelper - HHH000204: Processing PersistenceUnitInfo [name: default]
2026-05-08 03:20:08 [restartedMain] INFO  org.hibernate.Version - HHH000412: Hibernate ORM core version 6.4.1.Final
2026-05-08 03:20:08 [restartedMain] INFO  o.h.c.i.RegionFactoryInitiator - HHH000026: Second-level cache disabled
2026-05-08 03:20:09 [restartedMain] INFO  o.s.o.j.p.SpringPersistenceUnitInfo - No LoadTimeWeaver setup: ignoring JPA class transformer
2026-05-08 03:20:10 [restartedMain] INFO  o.h.e.t.j.p.i.JtaPlatformInitiator - HHH000489: No JTA platform available (set 'hibernate.transaction.jta.platform' to enable JTA platform integration)
2026-05-08 03:20:10 [restartedMain] INFO  o.s.o.j.LocalContainerEntityManagerFactoryBean - Initialized JPA EntityManagerFactory for persistence unit 'default'
2026-05-08 03:20:12 [restartedMain] WARN  o.s.b.a.o.j.JpaBaseConfiguration$JpaWebConfiguration - spring.jpa.open-in-view is enabled by default. Therefore, database queries may be performed during view rendering. Explicitly configure spring.jpa.open-in-view to disable this warning
2026-05-08 03:20:12 [restartedMain] INFO  o.s.b.a.w.s.WelcomePageHandlerMapping - Adding welcome page template: index
2026-05-08 03:20:13 [restartedMain] INFO  o.s.s.web.DefaultSecurityFilterChain - Will secure Or [Mvc [pattern='/api/**']] with [org.springframework.security.web.session.DisableEncodeUrlFilter@3d59c0d8, org.springframework.security.web.context.request.async.WebAsyncManagerIntegrationFilter@5a8c74e0, org.springframework.security.web.context.SecurityContextHolderFilter@bcfd036, org.springframework.security.web.header.HeaderWriterFilter@463510c7, org.springframework.web.filter.CorsFilter@3058be59, org.springframework.security.web.authentication.logout.LogoutFilter@4cf61073, com.rayokross.academy.security.jwt.JwtRequestFilter@5a335d00, org.springframework.security.web.savedrequest.RequestCacheAwareFilter@f63e22d, org.springframework.security.web.servletapi.SecurityContextHolderAwareRequestFilter@29e28de5, org.springframework.security.web.authentication.AnonymousAuthenticationFilter@72d6bae2, org.springframework.security.web.session.SessionManagementFilter@6c699939, org.springframework.security.web.access.ExceptionTranslationFilter@72c67a48, org.springframework.security.web.access.intercept.AuthorizationFilter@17be0182]
2026-05-08 03:20:13 [restartedMain] INFO  o.s.s.web.DefaultSecurityFilterChain - Will secure any request with [org.springframework.security.web.session.DisableEncodeUrlFilter@3096d42, org.springframework.security.web.context.request.async.WebAsyncManagerIntegrationFilter@4a811c2c, org.springframework.security.web.context.SecurityContextHolderFilter@33b268b, org.springframework.security.web.header.HeaderWriterFilter@1b4a0cad, org.springframework.web.filter.CorsFilter@27851545, org.springframework.security.web.csrf.CsrfFilter@bf7877f, org.springframework.security.web.authentication.logout.LogoutFilter@5bdb49dd, org.springframework.security.web.authentication.UsernamePasswordAuthenticationFilter@29d596d, org.springframework.security.web.savedrequest.RequestCacheAwareFilter@344095ec, org.springframework.security.web.servletapi.SecurityContextHolderAwareRequestFilter@4a6a7a8d, org.springframework.security.web.authentication.AnonymousAuthenticationFilter@4f3b76e9, org.springframework.security.web.access.ExceptionTranslationFilter@2eba0dc4, org.springframework.security.web.access.intercept.AuthorizationFilter@7223e950]
2026-05-08 03:20:13 [restartedMain] INFO  o.s.b.d.a.OptionalLiveReloadServer - LiveReload server is running on port 35729
2026-05-08 03:20:13 [restartedMain] INFO  o.a.t.u.net.NioEndpoint.certificate - Connector [https-jsse-nio-8443], TLS virtual host [_default_], certificate type [UNDEFINED] configured from keystore [C:\Users\danie\.keystore] using alias [rayokross] with trust store [null]
2026-05-08 03:20:13 [restartedMain] INFO  o.s.b.w.e.tomcat.TomcatWebServer - Tomcat started on port 8443 (https) with context path ''
2026-05-08 03:20:13 [restartedMain] INFO  c.r.academy.AcademyApplication - Started AcademyApplication in 9.577 seconds (process running for 10.335)
2026-05-08 03:20:21 [https-jsse-nio-8443-exec-9] INFO  o.a.c.c.C.[Tomcat].[localhost].[/] - Initializing Spring DispatcherServlet 'dispatcherServlet'
2026-05-08 03:20:21 [https-jsse-nio-8443-exec-9] INFO  o.s.web.servlet.DispatcherServlet - Initializing Servlet 'dispatcherServlet'
2026-05-08 03:20:21 [https-jsse-nio-8443-exec-9] INFO  o.s.web.servlet.DispatcherServlet - Completed initialization in 0 ms
2026-05-08 03:20:21 [https-jsse-nio-8443-exec-9] INFO  c.r.a.security.jwt.JwtRequestFilter - No access token cookie found in request
2026-05-08 03:20:21 [https-jsse-nio-8443-exec-9] INFO  c.r.a.security.LoginEventListener - Login successful for user admin@rayokross.com
2026-05-08 03:20:21 [https-jsse-nio-8443-exec-9] INFO  c.r.a.security.jwt.UserLoginService - A09 EVENT: Login exitoso para el usuario 'admin@rayokross.com'
2026-05-08 03:20:32 [https-jsse-nio-8443-exec-5] INFO  c.r.academy.services.CourseService - Course created successfully with syllabus: null
2026-05-08 03:20:44 [https-jsse-nio-8443-exec-7] INFO  c.r.academy.services.CourseService - Course created successfully with syllabus: null
2026-05-08 03:20:56 [SpringApplicationShutdownHook] INFO  o.s.o.j.LocalContainerEntityManagerFactoryBean - Closing JPA EntityManagerFactory for persistence unit 'default'
2026-05-08 03:20:56 [SpringApplicationShutdownHook] INFO  com.zaxxer.hikari.HikariDataSource - HikariPool-1 - Shutdown initiated...
2026-05-08 03:20:56 [SpringApplicationShutdownHook] INFO  com.zaxxer.hikari.HikariDataSource - HikariPool-1 - Shutdown completed.
2026-05-08 04:50:07 [restartedMain] INFO  c.r.academy.AcademyApplication - Starting AcademyApplication using Java 21.0.10 with PID 68161 (/Users/angelmenendezleyenda/Desktop/project-grupo-7/target/classes started by angelmenendezleyenda in /Users/angelmenendezleyenda/Desktop/project-grupo-7)
2026-05-08 04:50:07 [restartedMain] INFO  c.r.academy.AcademyApplication - No active profile set, falling back to 1 default profile: "default"
2026-05-08 04:50:07 [restartedMain] INFO  o.s.b.d.e.DevToolsPropertyDefaultsPostProcessor - Devtools property defaults active! Set 'spring.devtools.add-properties' to 'false' to disable
2026-05-08 04:50:07 [restartedMain] INFO  o.s.d.r.c.RepositoryConfigurationDelegate - Bootstrapping Spring Data JPA repositories in DEFAULT mode.
2026-05-08 04:50:07 [restartedMain] INFO  o.s.d.r.c.RepositoryConfigurationDelegate - Finished Spring Data repository scanning in 34 ms. Found 4 JPA repository interfaces.
2026-05-08 04:50:08 [restartedMain] INFO  o.s.b.w.e.tomcat.TomcatWebServer - Tomcat initialized with port 8443 (https)
2026-05-08 04:50:08 [restartedMain] INFO  o.a.catalina.core.StandardService - Starting service [Tomcat]
2026-05-08 04:50:08 [restartedMain] INFO  o.a.catalina.core.StandardEngine - Starting Servlet engine: [Apache Tomcat/10.1.17]
2026-05-08 04:50:08 [restartedMain] INFO  o.a.c.c.C.[Tomcat].[localhost].[/] - Initializing Spring embedded WebApplicationContext
2026-05-08 04:50:08 [restartedMain] INFO  o.s.b.w.s.c.ServletWebServerApplicationContext - Root WebApplicationContext: initialization completed in 1044 ms
2026-05-08 04:50:08 [restartedMain] INFO  com.zaxxer.hikari.HikariDataSource - HikariPool-1 - Starting...
2026-05-08 04:50:08 [restartedMain] INFO  com.zaxxer.hikari.pool.HikariPool - HikariPool-1 - Added connection com.mysql.cj.jdbc.ConnectionImpl@106d4afa
2026-05-08 04:50:08 [restartedMain] INFO  com.zaxxer.hikari.HikariDataSource - HikariPool-1 - Start completed.
2026-05-08 04:50:08 [restartedMain] INFO  o.s.b.a.h.H2ConsoleAutoConfiguration - H2 console available at '/h2-console'. Database available at 'jdbc:mysql://localhost:3306/rayokrossAcademy'
2026-05-08 04:50:08 [restartedMain] INFO  o.h.jpa.internal.util.LogHelper - HHH000204: Processing PersistenceUnitInfo [name: default]
2026-05-08 04:50:08 [restartedMain] INFO  org.hibernate.Version - HHH000412: Hibernate ORM core version 6.4.1.Final
2026-05-08 04:50:08 [restartedMain] INFO  o.h.c.i.RegionFactoryInitiator - HHH000026: Second-level cache disabled
2026-05-08 04:50:08 [restartedMain] INFO  o.s.o.j.p.SpringPersistenceUnitInfo - No LoadTimeWeaver setup: ignoring JPA class transformer
2026-05-08 04:50:09 [restartedMain] INFO  o.h.e.t.j.p.i.JtaPlatformInitiator - HHH000489: No JTA platform available (set 'hibernate.transaction.jta.platform' to enable JTA platform integration)
2026-05-08 04:50:09 [restartedMain] INFO  o.s.o.j.LocalContainerEntityManagerFactoryBean - Initialized JPA EntityManagerFactory for persistence unit 'default'
2026-05-08 04:50:10 [restartedMain] WARN  o.s.b.a.o.j.JpaBaseConfiguration$JpaWebConfiguration - spring.jpa.open-in-view is enabled by default. Therefore, database queries may be performed during view rendering. Explicitly configure spring.jpa.open-in-view to disable this warning
2026-05-08 04:50:10 [restartedMain] INFO  o.s.b.a.w.s.WelcomePageHandlerMapping - Adding welcome page template: index
2026-05-08 04:50:10 [restartedMain] INFO  o.s.s.web.DefaultSecurityFilterChain - Will secure Or [Mvc [pattern='/api/**']] with [org.springframework.security.web.session.DisableEncodeUrlFilter@74fa4e22, org.springframework.security.web.context.request.async.WebAsyncManagerIntegrationFilter@2033542d, org.springframework.security.web.context.SecurityContextHolderFilter@20a8d894, org.springframework.security.web.header.HeaderWriterFilter@39ea50eb, org.springframework.web.filter.CorsFilter@4941fa03, org.springframework.security.web.authentication.logout.LogoutFilter@76f6b523, com.rayokross.academy.security.jwt.JwtRequestFilter@55a5a821, org.springframework.security.web.savedrequest.RequestCacheAwareFilter@1a7a7998, org.springframework.security.web.servletapi.SecurityContextHolderAwareRequestFilter@54b1d947, org.springframework.security.web.authentication.AnonymousAuthenticationFilter@3c0c6593, org.springframework.security.web.session.SessionManagementFilter@4ffc732a, org.springframework.security.web.access.ExceptionTranslationFilter@3a9f57f7, org.springframework.security.web.access.intercept.AuthorizationFilter@5e915189]
2026-05-08 04:50:10 [restartedMain] INFO  o.s.s.web.DefaultSecurityFilterChain - Will secure any request with [org.springframework.security.web.session.DisableEncodeUrlFilter@3fb234f8, org.springframework.security.web.context.request.async.WebAsyncManagerIntegrationFilter@7c2c2e3d, org.springframework.security.web.context.SecurityContextHolderFilter@5e57307c, org.springframework.security.web.header.HeaderWriterFilter@15e34be3, org.springframework.web.filter.CorsFilter@7c3be793, org.springframework.security.web.csrf.CsrfFilter@6b2dc2c3, org.springframework.security.web.authentication.logout.LogoutFilter@24b752f8, org.springframework.security.web.authentication.UsernamePasswordAuthenticationFilter@210c82b3, org.springframework.security.web.savedrequest.RequestCacheAwareFilter@5b69daaf, org.springframework.security.web.servletapi.SecurityContextHolderAwareRequestFilter@4cb7a802, org.springframework.security.web.authentication.AnonymousAuthenticationFilter@3967ebbd, org.springframework.security.web.access.ExceptionTranslationFilter@464a3070, org.springframework.security.web.access.intercept.AuthorizationFilter@401801fa]
2026-05-08 04:50:10 [restartedMain] INFO  o.s.b.d.a.OptionalLiveReloadServer - LiveReload server is running on port 35729
2026-05-08 04:50:10 [restartedMain] INFO  o.a.t.u.net.NioEndpoint.certificate - Connector [https-jsse-nio-8443], TLS virtual host [_default_], certificate type [UNDEFINED] configured from keystore [/Users/angelmenendezleyenda/.keystore] using alias [rayokross] with trust store [null]
2026-05-08 04:50:10 [restartedMain] INFO  o.s.b.w.e.tomcat.TomcatWebServer - Tomcat started on port 8443 (https) with context path ''
2026-05-08 04:50:10 [restartedMain] INFO  c.r.academy.AcademyApplication - Started AcademyApplication in 3.605 seconds (process running for 4.191)
2026-05-08 04:50:21 [https-jsse-nio-8443-exec-6] INFO  o.a.c.c.C.[Tomcat].[localhost].[/] - Initializing Spring DispatcherServlet 'dispatcherServlet'
2026-05-08 04:50:21 [https-jsse-nio-8443-exec-6] INFO  o.s.web.servlet.DispatcherServlet - Initializing Servlet 'dispatcherServlet'
2026-05-08 04:50:21 [https-jsse-nio-8443-exec-6] INFO  o.s.web.servlet.DispatcherServlet - Completed initialization in 1 ms
2026-05-08 04:50:21 [https-jsse-nio-8443-exec-6] INFO  c.r.a.security.jwt.JwtRequestFilter - No access token cookie found in request
2026-05-08 04:50:21 [https-jsse-nio-8443-exec-6] INFO  c.r.a.s.jwt.UnauthorizedHandlerJwt - Unauthorized error: Full authentication is required to access this resource
2026-05-08 04:50:29 [https-jsse-nio-8443-exec-7] INFO  c.r.a.security.jwt.JwtRequestFilter - No access token cookie found in request
2026-05-08 04:50:29 [https-jsse-nio-8443-exec-7] WARN  o.s.w.s.m.m.a.ExceptionHandlerExceptionResolver - Resolved [org.springframework.http.converter.HttpMessageNotReadableException: Required request body is missing: public org.springframework.http.ResponseEntity<com.rayokross.academy.security.jwt.AuthResponse> com.rayokross.academy.controllers.rest.AuthRestController.login(com.rayokross.academy.security.jwt.LoginRequest,jakarta.servlet.http.HttpServletResponse)]
2026-05-08 04:50:46 [https-jsse-nio-8443-exec-3] INFO  c.r.a.security.jwt.JwtRequestFilter - No access token cookie found in request
2026-05-08 04:50:46 [https-jsse-nio-8443-exec-3] INFO  c.r.a.security.LoginEventListener - Login successful for user student@rayokross.com
2026-05-08 04:50:46 [https-jsse-nio-8443-exec-3] INFO  c.r.a.security.jwt.UserLoginService - A09 EVENT: Login exitoso para el usuario 'student@rayokross.com'
2026-05-08 04:52:41 [File Watcher] INFO  o.s.b.d.a.LocalDevToolsAutoConfiguration$RestartingClassPathChangeChangedEventListener - Restarting due to 1 class path change (0 additions, 0 deletions, 1 modification)
2026-05-08 04:52:43 [Thread-5] INFO  o.s.o.j.LocalContainerEntityManagerFactoryBean - Closing JPA EntityManagerFactory for persistence unit 'default'
2026-05-08 04:52:43 [Thread-5] INFO  com.zaxxer.hikari.HikariDataSource - HikariPool-1 - Shutdown initiated...
2026-05-08 04:52:43 [Thread-5] INFO  com.zaxxer.hikari.HikariDataSource - HikariPool-1 - Shutdown completed.
2026-05-08 04:52:43 [restartedMain] INFO  c.r.academy.AcademyApplication - Starting AcademyApplication using Java 21.0.10 with PID 68161 (/Users/angelmenendezleyenda/Desktop/project-grupo-7/target/classes started by angelmenendezleyenda in /Users/angelmenendezleyenda/Desktop/project-grupo-7)
2026-05-08 04:52:43 [restartedMain] INFO  c.r.academy.AcademyApplication - No active profile set, falling back to 1 default profile: "default"
2026-05-08 04:52:44 [restartedMain] INFO  o.s.d.r.c.RepositoryConfigurationDelegate - Bootstrapping Spring Data JPA repositories in DEFAULT mode.
2026-05-08 04:52:44 [restartedMain] INFO  o.s.d.r.c.RepositoryConfigurationDelegate - Finished Spring Data repository scanning in 10 ms. Found 4 JPA repository interfaces.
2026-05-08 04:52:44 [restartedMain] INFO  o.s.b.w.e.tomcat.TomcatWebServer - Tomcat initialized with port 8443 (https)
2026-05-08 04:52:44 [restartedMain] INFO  o.a.catalina.core.StandardService - Starting service [Tomcat]
2026-05-08 04:52:44 [restartedMain] INFO  o.a.catalina.core.StandardEngine - Starting Servlet engine: [Apache Tomcat/10.1.17]
2026-05-08 04:52:44 [restartedMain] INFO  o.a.c.c.C.[Tomcat].[localhost].[/] - Initializing Spring embedded WebApplicationContext
2026-05-08 04:52:44 [restartedMain] INFO  o.s.b.w.s.c.ServletWebServerApplicationContext - Root WebApplicationContext: initialization completed in 211 ms
2026-05-08 04:52:44 [restartedMain] INFO  com.zaxxer.hikari.HikariDataSource - HikariPool-2 - Starting...
2026-05-08 04:52:44 [restartedMain] INFO  com.zaxxer.hikari.pool.HikariPool - HikariPool-2 - Added connection com.mysql.cj.jdbc.ConnectionImpl@529a46aa
2026-05-08 04:52:44 [restartedMain] INFO  com.zaxxer.hikari.HikariDataSource - HikariPool-2 - Start completed.
2026-05-08 04:52:44 [restartedMain] INFO  o.s.b.a.h.H2ConsoleAutoConfiguration - H2 console available at '/h2-console'. Database available at 'jdbc:mysql://localhost:3306/rayokrossAcademy'
2026-05-08 04:52:44 [restartedMain] INFO  o.h.jpa.internal.util.LogHelper - HHH000204: Processing PersistenceUnitInfo [name: default]
2026-05-08 04:52:44 [restartedMain] INFO  o.h.c.i.RegionFactoryInitiator - HHH000026: Second-level cache disabled
2026-05-08 04:52:44 [restartedMain] INFO  o.s.o.j.p.SpringPersistenceUnitInfo - No LoadTimeWeaver setup: ignoring JPA class transformer
2026-05-08 04:52:44 [restartedMain] INFO  o.h.e.t.j.p.i.JtaPlatformInitiator - HHH000489: No JTA platform available (set 'hibernate.transaction.jta.platform' to enable JTA platform integration)
2026-05-08 04:52:44 [restartedMain] INFO  o.s.o.j.LocalContainerEntityManagerFactoryBean - Initialized JPA EntityManagerFactory for persistence unit 'default'
2026-05-08 04:52:44 [restartedMain] WARN  o.s.b.a.o.j.JpaBaseConfiguration$JpaWebConfiguration - spring.jpa.open-in-view is enabled by default. Therefore, database queries may be performed during view rendering. Explicitly configure spring.jpa.open-in-view to disable this warning
2026-05-08 04:52:44 [restartedMain] INFO  o.s.b.a.w.s.WelcomePageHandlerMapping - Adding welcome page template: index
2026-05-08 04:52:44 [restartedMain] INFO  o.s.s.web.DefaultSecurityFilterChain - Will secure Or [Mvc [pattern='/api/**']] with [org.springframework.security.web.session.DisableEncodeUrlFilter@57b9eae3, org.springframework.security.web.context.request.async.WebAsyncManagerIntegrationFilter@46277c44, org.springframework.security.web.context.SecurityContextHolderFilter@2185adc6, org.springframework.security.web.header.HeaderWriterFilter@72e541e5, org.springframework.web.filter.CorsFilter@35b84946, org.springframework.security.web.authentication.logout.LogoutFilter@3d559b53, com.rayokross.academy.security.jwt.JwtRequestFilter@7e0339a8, org.springframework.security.web.savedrequest.RequestCacheAwareFilter@4311d533, org.springframework.security.web.servletapi.SecurityContextHolderAwareRequestFilter@1b234edd, org.springframework.security.web.authentication.AnonymousAuthenticationFilter@60bec8cd, org.springframework.security.web.session.SessionManagementFilter@34d3dd0a, org.springframework.security.web.access.ExceptionTranslationFilter@61e072cf, org.springframework.security.web.access.intercept.AuthorizationFilter@71f494e8]
2026-05-08 04:52:44 [restartedMain] INFO  o.s.s.web.DefaultSecurityFilterChain - Will secure any request with [org.springframework.security.web.session.DisableEncodeUrlFilter@64b4acc4, org.springframework.security.web.context.request.async.WebAsyncManagerIntegrationFilter@3adfaa8, org.springframework.security.web.context.SecurityContextHolderFilter@54657c87, org.springframework.security.web.header.HeaderWriterFilter@7a1c3e5c, org.springframework.web.filter.CorsFilter@5b1205e1, org.springframework.security.web.csrf.CsrfFilter@79bfa04b, org.springframework.security.web.authentication.logout.LogoutFilter@34ace090, org.springframework.security.web.authentication.UsernamePasswordAuthenticationFilter@37cf72cd, org.springframework.security.web.savedrequest.RequestCacheAwareFilter@505c23b8, org.springframework.security.web.servletapi.SecurityContextHolderAwareRequestFilter@502716af, org.springframework.security.web.authentication.AnonymousAuthenticationFilter@17875d54, org.springframework.security.web.access.ExceptionTranslationFilter@4c598458, org.springframework.security.web.access.intercept.AuthorizationFilter@6da6a834]
2026-05-08 04:52:44 [restartedMain] INFO  o.s.b.d.a.OptionalLiveReloadServer - LiveReload server is running on port 35729
2026-05-08 04:52:44 [restartedMain] INFO  o.a.t.u.net.NioEndpoint.certificate - Connector [https-jsse-nio-8443], TLS virtual host [_default_], certificate type [UNDEFINED] configured from keystore [/Users/angelmenendezleyenda/.keystore] using alias [rayokross] with trust store [null]
2026-05-08 04:52:44 [restartedMain] INFO  o.s.b.w.e.tomcat.TomcatWebServer - Tomcat started on port 8443 (https) with context path ''
2026-05-08 04:52:44 [restartedMain] INFO  c.r.academy.AcademyApplication - Started AcademyApplication in 0.727 seconds (process running for 158.396)
2026-05-08 04:52:44 [restartedMain] INFO  o.s.b.d.a.ConditionEvaluationDeltaLoggingListener - Condition evaluation unchanged
2026-05-08 04:52:44 [https-jsse-nio-8443-exec-6] INFO  o.a.c.c.C.[Tomcat].[localhost].[/] - Initializing Spring DispatcherServlet 'dispatcherServlet'
2026-05-08 04:52:44 [https-jsse-nio-8443-exec-6] INFO  o.s.web.servlet.DispatcherServlet - Initializing Servlet 'dispatcherServlet'
2026-05-08 04:52:44 [https-jsse-nio-8443-exec-6] INFO  o.s.web.servlet.DispatcherServlet - Completed initialization in 0 ms
2026-05-08 04:52:44 [https-jsse-nio-8443-exec-6] INFO  c.r.a.security.jwt.JwtRequestFilter - JWT signature does not match locally computed signature. JWT validity cannot be asserted and should not be trusted.
2026-05-08 04:52:44 [https-jsse-nio-8443-exec-6] INFO  c.r.a.s.jwt.UnauthorizedHandlerJwt - Unauthorized error: Full authentication is required to access this resource
2026-05-08 04:52:50 [https-jsse-nio-8443-exec-7] INFO  c.r.a.security.jwt.JwtRequestFilter - JWT signature does not match locally computed signature. JWT validity cannot be asserted and should not be trusted.
2026-05-08 04:52:50 [https-jsse-nio-8443-exec-7] WARN  o.s.w.s.m.m.a.ExceptionHandlerExceptionResolver - Resolved [org.springframework.http.converter.HttpMessageNotReadableException: Required request body is missing: public org.springframework.http.ResponseEntity<com.rayokross.academy.security.jwt.AuthResponse> com.rayokross.academy.controllers.rest.AuthRestController.login(com.rayokross.academy.security.jwt.LoginRequest,jakarta.servlet.http.HttpServletResponse)]
2026-05-08 04:52:52 [https-jsse-nio-8443-exec-3] INFO  c.r.a.security.jwt.JwtRequestFilter - JWT signature does not match locally computed signature. JWT validity cannot be asserted and should not be trusted.
2026-05-08 04:52:52 [https-jsse-nio-8443-exec-3] INFO  c.r.a.security.LoginEventListener - Login successful for user student@rayokross.com
2026-05-08 04:52:52 [https-jsse-nio-8443-exec-3] INFO  c.r.a.security.jwt.UserLoginService - A09 EVENT: Login exitoso para el usuario 'student@rayokross.com'
2026-05-08 04:53:30 [File Watcher] INFO  o.s.b.d.a.LocalDevToolsAutoConfiguration$RestartingClassPathChangeChangedEventListener - Restarting due to 1 class path change (0 additions, 0 deletions, 1 modification)
2026-05-08 04:53:38 [Thread-7] INFO  o.s.o.j.LocalContainerEntityManagerFactoryBean - Closing JPA EntityManagerFactory for persistence unit 'default'
2026-05-08 04:53:38 [Thread-7] INFO  com.zaxxer.hikari.HikariDataSource - HikariPool-2 - Shutdown initiated...
2026-05-08 04:53:38 [Thread-7] INFO  com.zaxxer.hikari.HikariDataSource - HikariPool-2 - Shutdown completed.
2026-05-08 04:53:38 [restartedMain] INFO  c.r.academy.AcademyApplication - Starting AcademyApplication using Java 21.0.10 with PID 68161 (/Users/angelmenendezleyenda/Desktop/project-grupo-7/target/classes started by angelmenendezleyenda in /Users/angelmenendezleyenda/Desktop/project-grupo-7)
2026-05-08 04:53:38 [restartedMain] INFO  c.r.academy.AcademyApplication - No active profile set, falling back to 1 default profile: "default"
2026-05-08 04:53:38 [restartedMain] INFO  o.s.d.r.c.RepositoryConfigurationDelegate - Bootstrapping Spring Data JPA repositories in DEFAULT mode.
2026-05-08 04:53:38 [restartedMain] INFO  o.s.d.r.c.RepositoryConfigurationDelegate - Finished Spring Data repository scanning in 11 ms. Found 4 JPA repository interfaces.
2026-05-08 04:53:38 [restartedMain] INFO  o.s.b.w.e.tomcat.TomcatWebServer - Tomcat initialized with port 8443 (https)
2026-05-08 04:53:38 [restartedMain] INFO  o.a.catalina.core.StandardService - Starting service [Tomcat]
2026-05-08 04:53:38 [restartedMain] INFO  o.a.catalina.core.StandardEngine - Starting Servlet engine: [Apache Tomcat/10.1.17]
2026-05-08 04:53:38 [restartedMain] INFO  o.a.c.c.C.[Tomcat].[localhost].[/] - Initializing Spring embedded WebApplicationContext
2026-05-08 04:53:38 [restartedMain] INFO  o.s.b.w.s.c.ServletWebServerApplicationContext - Root WebApplicationContext: initialization completed in 188 ms
2026-05-08 04:53:38 [restartedMain] INFO  com.zaxxer.hikari.HikariDataSource - HikariPool-3 - Starting...
2026-05-08 04:53:38 [restartedMain] INFO  com.zaxxer.hikari.pool.HikariPool - HikariPool-3 - Added connection com.mysql.cj.jdbc.ConnectionImpl@5bda941
2026-05-08 04:53:38 [restartedMain] INFO  com.zaxxer.hikari.HikariDataSource - HikariPool-3 - Start completed.
2026-05-08 04:53:38 [restartedMain] INFO  o.s.b.a.h.H2ConsoleAutoConfiguration - H2 console available at '/h2-console'. Database available at 'jdbc:mysql://localhost:3306/rayokrossAcademy'
2026-05-08 04:53:38 [restartedMain] INFO  o.h.jpa.internal.util.LogHelper - HHH000204: Processing PersistenceUnitInfo [name: default]
2026-05-08 04:53:38 [restartedMain] INFO  o.h.c.i.RegionFactoryInitiator - HHH000026: Second-level cache disabled
2026-05-08 04:53:38 [restartedMain] INFO  o.s.o.j.p.SpringPersistenceUnitInfo - No LoadTimeWeaver setup: ignoring JPA class transformer
2026-05-08 04:53:38 [restartedMain] INFO  o.h.e.t.j.p.i.JtaPlatformInitiator - HHH000489: No JTA platform available (set 'hibernate.transaction.jta.platform' to enable JTA platform integration)
2026-05-08 04:53:38 [restartedMain] INFO  o.s.o.j.LocalContainerEntityManagerFactoryBean - Initialized JPA EntityManagerFactory for persistence unit 'default'
2026-05-08 04:53:38 [restartedMain] WARN  o.s.b.a.o.j.JpaBaseConfiguration$JpaWebConfiguration - spring.jpa.open-in-view is enabled by default. Therefore, database queries may be performed during view rendering. Explicitly configure spring.jpa.open-in-view to disable this warning
2026-05-08 04:53:38 [restartedMain] INFO  o.s.b.a.w.s.WelcomePageHandlerMapping - Adding welcome page template: index
2026-05-08 04:53:38 [restartedMain] INFO  o.s.s.web.DefaultSecurityFilterChain - Will secure Or [Mvc [pattern='/api/**']] with [org.springframework.security.web.session.DisableEncodeUrlFilter@712969e8, org.springframework.security.web.context.request.async.WebAsyncManagerIntegrationFilter@6aafa0e6, org.springframework.security.web.context.SecurityContextHolderFilter@19f967ec, org.springframework.security.web.header.HeaderWriterFilter@3221bcec, org.springframework.web.filter.CorsFilter@72adaa30, org.springframework.security.web.authentication.logout.LogoutFilter@698e4261, com.rayokross.academy.security.jwt.JwtRequestFilter@2e57b8ad, org.springframework.security.web.savedrequest.RequestCacheAwareFilter@2a599876, org.springframework.security.web.servletapi.SecurityContextHolderAwareRequestFilter@1520970d, org.springframework.security.web.authentication.AnonymousAuthenticationFilter@304c8c7c, org.springframework.security.web.session.SessionManagementFilter@5f7e2d45, org.springframework.security.web.access.ExceptionTranslationFilter@5eedafda, org.springframework.security.web.access.intercept.AuthorizationFilter@1efb9b12]
2026-05-08 04:53:38 [restartedMain] INFO  o.s.s.web.DefaultSecurityFilterChain - Will secure any request with [org.springframework.security.web.session.DisableEncodeUrlFilter@157b7206, org.springframework.security.web.context.request.async.WebAsyncManagerIntegrationFilter@7d5b3541, org.springframework.security.web.context.SecurityContextHolderFilter@163671b9, org.springframework.security.web.header.HeaderWriterFilter@10ec600d, org.springframework.web.filter.CorsFilter@11363b6b, org.springframework.security.web.csrf.CsrfFilter@8c2eb93, org.springframework.security.web.authentication.logout.LogoutFilter@4015889e, org.springframework.security.web.authentication.UsernamePasswordAuthenticationFilter@79c644d8, org.springframework.security.web.savedrequest.RequestCacheAwareFilter@9b79e9f, org.springframework.security.web.servletapi.SecurityContextHolderAwareRequestFilter@161470f8, org.springframework.security.web.authentication.AnonymousAuthenticationFilter@5a1d4d11, org.springframework.security.web.access.ExceptionTranslationFilter@3da44302, org.springframework.security.web.access.intercept.AuthorizationFilter@40c59891]
2026-05-08 04:53:38 [restartedMain] INFO  o.s.b.d.a.OptionalLiveReloadServer - LiveReload server is running on port 35729
2026-05-08 04:53:38 [restartedMain] INFO  o.a.t.u.net.NioEndpoint.certificate - Connector [https-jsse-nio-8443], TLS virtual host [_default_], certificate type [UNDEFINED] configured from keystore [/Users/angelmenendezleyenda/.keystore] using alias [rayokross] with trust store [null]
2026-05-08 04:53:38 [restartedMain] INFO  o.s.b.w.e.tomcat.TomcatWebServer - Tomcat started on port 8443 (https) with context path ''
2026-05-08 04:53:38 [restartedMain] INFO  c.r.academy.AcademyApplication - Started AcademyApplication in 0.664 seconds (process running for 212.767)
2026-05-08 04:53:38 [restartedMain] INFO  o.s.b.d.a.ConditionEvaluationDeltaLoggingListener - Condition evaluation unchanged
2026-05-08 04:53:39 [https-jsse-nio-8443-exec-6] INFO  o.a.c.c.C.[Tomcat].[localhost].[/] - Initializing Spring DispatcherServlet 'dispatcherServlet'
2026-05-08 04:53:39 [https-jsse-nio-8443-exec-6] INFO  o.s.web.servlet.DispatcherServlet - Initializing Servlet 'dispatcherServlet'
2026-05-08 04:53:39 [https-jsse-nio-8443-exec-6] INFO  o.s.web.servlet.DispatcherServlet - Completed initialization in 0 ms
2026-05-08 04:53:39 [https-jsse-nio-8443-exec-6] INFO  c.r.a.security.jwt.JwtRequestFilter - JWT signature does not match locally computed signature. JWT validity cannot be asserted and should not be trusted.
2026-05-08 04:53:39 [https-jsse-nio-8443-exec-6] WARN  o.s.w.s.m.m.a.ExceptionHandlerExceptionResolver - Resolved [org.springframework.http.converter.HttpMessageNotReadableException: Required request body is missing: public org.springframework.http.ResponseEntity<com.rayokross.academy.security.jwt.AuthResponse> com.rayokross.academy.controllers.rest.AuthRestController.login(com.rayokross.academy.security.jwt.LoginRequest,jakarta.servlet.http.HttpServletResponse)]
2026-05-08 04:53:41 [https-jsse-nio-8443-exec-2] INFO  c.r.a.security.jwt.JwtRequestFilter - JWT signature does not match locally computed signature. JWT validity cannot be asserted and should not be trusted.
2026-05-08 04:53:41 [https-jsse-nio-8443-exec-2] WARN  o.s.w.s.m.m.a.ExceptionHandlerExceptionResolver - Resolved [org.springframework.http.converter.HttpMessageNotReadableException: Required request body is missing: public org.springframework.http.ResponseEntity<com.rayokross.academy.security.jwt.AuthResponse> com.rayokross.academy.controllers.rest.AuthRestController.login(com.rayokross.academy.security.jwt.LoginRequest,jakarta.servlet.http.HttpServletResponse)]
2026-05-08 04:53:42 [https-jsse-nio-8443-exec-7] INFO  c.r.a.security.jwt.JwtRequestFilter - JWT signature does not match locally computed signature. JWT validity cannot be asserted and should not be trusted.
2026-05-08 04:53:42 [https-jsse-nio-8443-exec-7] WARN  o.s.w.s.m.m.a.ExceptionHandlerExceptionResolver - Resolved [org.springframework.http.converter.HttpMessageNotReadableException: Required request body is missing: public org.springframework.http.ResponseEntity<com.rayokross.academy.security.jwt.AuthResponse> com.rayokross.academy.controllers.rest.AuthRestController.login(com.rayokross.academy.security.jwt.LoginRequest,jakarta.servlet.http.HttpServletResponse)]
2026-05-08 04:53:45 [https-jsse-nio-8443-exec-4] INFO  c.r.a.security.jwt.JwtRequestFilter - JWT signature does not match locally computed signature. JWT validity cannot be asserted and should not be trusted.
2026-05-08 04:53:45 [https-jsse-nio-8443-exec-4] INFO  c.r.a.security.LoginEventListener - Login successful for user student@rayokross.com
2026-05-08 04:53:45 [https-jsse-nio-8443-exec-4] INFO  c.r.a.security.jwt.UserLoginService - A09 EVENT: Login exitoso para el usuario 'student@rayokross.com'
2026-05-08 04:55:30 [File Watcher] INFO  o.s.b.d.a.LocalDevToolsAutoConfiguration$RestartingClassPathChangeChangedEventListener - Restarting due to 1 class path change (0 additions, 0 deletions, 1 modification)
2026-05-08 04:55:39 [Thread-11] INFO  o.s.o.j.LocalContainerEntityManagerFactoryBean - Closing JPA EntityManagerFactory for persistence unit 'default'
2026-05-08 04:55:39 [Thread-11] INFO  com.zaxxer.hikari.HikariDataSource - HikariPool-3 - Shutdown initiated...
2026-05-08 04:55:39 [Thread-11] INFO  com.zaxxer.hikari.HikariDataSource - HikariPool-3 - Shutdown completed.
2026-05-08 04:55:39 [restartedMain] INFO  c.r.academy.AcademyApplication - Starting AcademyApplication using Java 21.0.10 with PID 68161 (/Users/angelmenendezleyenda/Desktop/project-grupo-7/target/classes started by angelmenendezleyenda in /Users/angelmenendezleyenda/Desktop/project-grupo-7)
2026-05-08 04:55:39 [restartedMain] INFO  c.r.academy.AcademyApplication - No active profile set, falling back to 1 default profile: "default"
2026-05-08 04:55:40 [restartedMain] INFO  o.s.d.r.c.RepositoryConfigurationDelegate - Bootstrapping Spring Data JPA repositories in DEFAULT mode.
2026-05-08 04:55:40 [restartedMain] INFO  o.s.d.r.c.RepositoryConfigurationDelegate - Finished Spring Data repository scanning in 9 ms. Found 4 JPA repository interfaces.
2026-05-08 04:55:40 [restartedMain] INFO  o.s.b.w.e.tomcat.TomcatWebServer - Tomcat initialized with port 8443 (https)
2026-05-08 04:55:40 [restartedMain] INFO  o.a.catalina.core.StandardService - Starting service [Tomcat]
2026-05-08 04:55:40 [restartedMain] INFO  o.a.catalina.core.StandardEngine - Starting Servlet engine: [Apache Tomcat/10.1.17]
2026-05-08 04:55:40 [restartedMain] INFO  o.a.c.c.C.[Tomcat].[localhost].[/] - Initializing Spring embedded WebApplicationContext
2026-05-08 04:55:40 [restartedMain] INFO  o.s.b.w.s.c.ServletWebServerApplicationContext - Root WebApplicationContext: initialization completed in 186 ms
2026-05-08 04:55:40 [restartedMain] INFO  com.zaxxer.hikari.HikariDataSource - HikariPool-4 - Starting...
2026-05-08 04:55:40 [restartedMain] INFO  com.zaxxer.hikari.pool.HikariPool - HikariPool-4 - Added connection com.mysql.cj.jdbc.ConnectionImpl@edde0a5
2026-05-08 04:55:40 [restartedMain] INFO  com.zaxxer.hikari.HikariDataSource - HikariPool-4 - Start completed.
2026-05-08 04:55:40 [restartedMain] INFO  o.s.b.a.h.H2ConsoleAutoConfiguration - H2 console available at '/h2-console'. Database available at 'jdbc:mysql://localhost:3306/rayokrossAcademy'
2026-05-08 04:55:40 [restartedMain] INFO  o.h.jpa.internal.util.LogHelper - HHH000204: Processing PersistenceUnitInfo [name: default]
2026-05-08 04:55:40 [restartedMain] INFO  o.h.c.i.RegionFactoryInitiator - HHH000026: Second-level cache disabled
2026-05-08 04:55:40 [restartedMain] INFO  o.s.o.j.p.SpringPersistenceUnitInfo - No LoadTimeWeaver setup: ignoring JPA class transformer
2026-05-08 04:55:40 [restartedMain] INFO  o.h.e.t.j.p.i.JtaPlatformInitiator - HHH000489: No JTA platform available (set 'hibernate.transaction.jta.platform' to enable JTA platform integration)
2026-05-08 04:55:40 [restartedMain] INFO  o.s.o.j.LocalContainerEntityManagerFactoryBean - Initialized JPA EntityManagerFactory for persistence unit 'default'
2026-05-08 04:55:40 [restartedMain] WARN  o.s.b.a.o.j.JpaBaseConfiguration$JpaWebConfiguration - spring.jpa.open-in-view is enabled by default. Therefore, database queries may be performed during view rendering. Explicitly configure spring.jpa.open-in-view to disable this warning
2026-05-08 04:55:40 [restartedMain] INFO  o.s.b.a.w.s.WelcomePageHandlerMapping - Adding welcome page template: index
2026-05-08 04:55:40 [restartedMain] INFO  o.s.s.web.DefaultSecurityFilterChain - Will secure Or [Mvc [pattern='/api/**']] with [org.springframework.security.web.session.DisableEncodeUrlFilter@6955f66b, org.springframework.security.web.context.request.async.WebAsyncManagerIntegrationFilter@11b3bc3b, org.springframework.security.web.context.SecurityContextHolderFilter@8eca85f, org.springframework.security.web.header.HeaderWriterFilter@544f207d, org.springframework.web.filter.CorsFilter@1a2899b5, org.springframework.security.web.authentication.logout.LogoutFilter@42174123, com.rayokross.academy.security.jwt.JwtRequestFilter@560a3d7f, org.springframework.security.web.savedrequest.RequestCacheAwareFilter@2f64821c, org.springframework.security.web.servletapi.SecurityContextHolderAwareRequestFilter@2050345, org.springframework.security.web.authentication.AnonymousAuthenticationFilter@12ef472e, org.springframework.security.web.session.SessionManagementFilter@2ad0e596, org.springframework.security.web.access.ExceptionTranslationFilter@4d0d444a, org.springframework.security.web.access.intercept.AuthorizationFilter@635d625c]
2026-05-08 04:55:40 [restartedMain] INFO  o.s.s.web.DefaultSecurityFilterChain - Will secure any request with [org.springframework.security.web.session.DisableEncodeUrlFilter@455ea4b9, org.springframework.security.web.context.request.async.WebAsyncManagerIntegrationFilter@1890fc79, org.springframework.security.web.context.SecurityContextHolderFilter@d5a636b, org.springframework.security.web.header.HeaderWriterFilter@26fbab5, org.springframework.web.filter.CorsFilter@11b71154, org.springframework.security.web.csrf.CsrfFilter@2f2ef070, org.springframework.security.web.authentication.logout.LogoutFilter@577fd69, org.springframework.security.web.authentication.UsernamePasswordAuthenticationFilter@7f78828a, org.springframework.security.web.savedrequest.RequestCacheAwareFilter@55afbfc0, org.springframework.security.web.servletapi.SecurityContextHolderAwareRequestFilter@242d2066, org.springframework.security.web.authentication.AnonymousAuthenticationFilter@2a60ad3a, org.springframework.security.web.access.ExceptionTranslationFilter@53044ef5, org.springframework.security.web.access.intercept.AuthorizationFilter@60ed286f]
2026-05-08 04:55:40 [restartedMain] INFO  o.s.b.d.a.OptionalLiveReloadServer - LiveReload server is running on port 35729
2026-05-08 04:55:40 [restartedMain] INFO  o.a.t.u.net.NioEndpoint.certificate - Connector [https-jsse-nio-8443], TLS virtual host [_default_], certificate type [UNDEFINED] configured from keystore [/Users/angelmenendezleyenda/.keystore] using alias [rayokross] with trust store [null]
2026-05-08 04:55:40 [restartedMain] INFO  o.s.b.w.e.tomcat.TomcatWebServer - Tomcat started on port 8443 (https) with context path ''
2026-05-08 04:55:40 [restartedMain] INFO  c.r.academy.AcademyApplication - Started AcademyApplication in 0.584 seconds (process running for 334.254)
2026-05-08 04:55:40 [restartedMain] INFO  o.s.b.d.a.ConditionEvaluationDeltaLoggingListener - Condition evaluation unchanged
2026-05-08 04:55:41 [https-jsse-nio-8443-exec-6] INFO  o.a.c.c.C.[Tomcat].[localhost].[/] - Initializing Spring DispatcherServlet 'dispatcherServlet'
2026-05-08 04:55:41 [https-jsse-nio-8443-exec-6] INFO  o.s.web.servlet.DispatcherServlet - Initializing Servlet 'dispatcherServlet'
2026-05-08 04:55:41 [https-jsse-nio-8443-exec-6] INFO  o.s.web.servlet.DispatcherServlet - Completed initialization in 1 ms
2026-05-08 04:55:41 [https-jsse-nio-8443-exec-6] INFO  c.r.a.security.jwt.JwtRequestFilter - JWT signature does not match locally computed signature. JWT validity cannot be asserted and should not be trusted.
2026-05-08 04:55:41 [https-jsse-nio-8443-exec-6] WARN  o.s.w.s.m.m.a.ExceptionHandlerExceptionResolver - Resolved [org.springframework.http.converter.HttpMessageNotReadableException: Required request body is missing: public org.springframework.http.ResponseEntity<com.rayokross.academy.security.jwt.AuthResponse> com.rayokross.academy.controllers.rest.AuthRestController.login(com.rayokross.academy.security.jwt.LoginRequest,jakarta.servlet.http.HttpServletResponse)]
2026-05-08 04:55:42 [https-jsse-nio-8443-exec-2] INFO  c.r.a.security.jwt.JwtRequestFilter - JWT signature does not match locally computed signature. JWT validity cannot be asserted and should not be trusted.
2026-05-08 04:55:42 [https-jsse-nio-8443-exec-2] WARN  o.s.w.s.m.m.a.ExceptionHandlerExceptionResolver - Resolved [org.springframework.http.converter.HttpMessageNotReadableException: Required request body is missing: public org.springframework.http.ResponseEntity<com.rayokross.academy.security.jwt.AuthResponse> com.rayokross.academy.controllers.rest.AuthRestController.login(com.rayokross.academy.security.jwt.LoginRequest,jakarta.servlet.http.HttpServletResponse)]
2026-05-08 04:55:43 [https-jsse-nio-8443-exec-8] INFO  c.r.a.security.jwt.JwtRequestFilter - JWT signature does not match locally computed signature. JWT validity cannot be asserted and should not be trusted.
2026-05-08 04:55:43 [https-jsse-nio-8443-exec-8] WARN  o.s.w.s.m.m.a.ExceptionHandlerExceptionResolver - Resolved [org.springframework.http.converter.HttpMessageNotReadableException: Required request body is missing: public org.springframework.http.ResponseEntity<com.rayokross.academy.security.jwt.AuthResponse> com.rayokross.academy.controllers.rest.AuthRestController.login(com.rayokross.academy.security.jwt.LoginRequest,jakarta.servlet.http.HttpServletResponse)]
2026-05-08 04:55:46 [https-jsse-nio-8443-exec-3] INFO  c.r.a.security.jwt.JwtRequestFilter - JWT signature does not match locally computed signature. JWT validity cannot be asserted and should not be trusted.
2026-05-08 04:55:46 [https-jsse-nio-8443-exec-3] INFO  c.r.a.security.LoginEventListener - Login successful for user student@rayokross.com
2026-05-08 04:55:46 [https-jsse-nio-8443-exec-3] INFO  c.r.a.security.jwt.UserLoginService - A09 EVENT: Login exitoso para el usuario 'student@rayokross.com'
2026-05-08 04:56:32 [File Watcher] INFO  o.s.b.d.a.LocalDevToolsAutoConfiguration$RestartingClassPathChangeChangedEventListener - Restarting due to 1 class path change (0 additions, 0 deletions, 1 modification)
2026-05-08 04:56:39 [Thread-15] INFO  o.s.o.j.LocalContainerEntityManagerFactoryBean - Closing JPA EntityManagerFactory for persistence unit 'default'
2026-05-08 04:56:39 [Thread-15] INFO  com.zaxxer.hikari.HikariDataSource - HikariPool-4 - Shutdown initiated...
2026-05-08 04:56:39 [Thread-15] INFO  com.zaxxer.hikari.HikariDataSource - HikariPool-4 - Shutdown completed.
2026-05-08 04:56:39 [restartedMain] INFO  c.r.academy.AcademyApplication - Starting AcademyApplication using Java 21.0.10 with PID 68161 (/Users/angelmenendezleyenda/Desktop/project-grupo-7/target/classes started by angelmenendezleyenda in /Users/angelmenendezleyenda/Desktop/project-grupo-7)
2026-05-08 04:56:39 [restartedMain] INFO  c.r.academy.AcademyApplication - No active profile set, falling back to 1 default profile: "default"
2026-05-08 04:56:39 [restartedMain] INFO  o.s.d.r.c.RepositoryConfigurationDelegate - Bootstrapping Spring Data JPA repositories in DEFAULT mode.
2026-05-08 04:56:39 [restartedMain] INFO  o.s.d.r.c.RepositoryConfigurationDelegate - Finished Spring Data repository scanning in 8 ms. Found 4 JPA repository interfaces.
2026-05-08 04:56:39 [restartedMain] INFO  o.s.b.w.e.tomcat.TomcatWebServer - Tomcat initialized with port 8443 (https)
2026-05-08 04:56:39 [restartedMain] INFO  o.a.catalina.core.StandardService - Starting service [Tomcat]
2026-05-08 04:56:39 [restartedMain] INFO  o.a.catalina.core.StandardEngine - Starting Servlet engine: [Apache Tomcat/10.1.17]
2026-05-08 04:56:39 [restartedMain] INFO  o.a.c.c.C.[Tomcat].[localhost].[/] - Initializing Spring embedded WebApplicationContext
2026-05-08 04:56:39 [restartedMain] INFO  o.s.b.w.s.c.ServletWebServerApplicationContext - Root WebApplicationContext: initialization completed in 170 ms
2026-05-08 04:56:39 [restartedMain] INFO  com.zaxxer.hikari.HikariDataSource - HikariPool-5 - Starting...
2026-05-08 04:56:39 [restartedMain] INFO  com.zaxxer.hikari.pool.HikariPool - HikariPool-5 - Added connection com.mysql.cj.jdbc.ConnectionImpl@101d456
2026-05-08 04:56:39 [restartedMain] INFO  com.zaxxer.hikari.HikariDataSource - HikariPool-5 - Start completed.
2026-05-08 04:56:39 [restartedMain] INFO  o.s.b.a.h.H2ConsoleAutoConfiguration - H2 console available at '/h2-console'. Database available at 'jdbc:mysql://localhost:3306/rayokrossAcademy'
2026-05-08 04:56:39 [restartedMain] INFO  o.h.jpa.internal.util.LogHelper - HHH000204: Processing PersistenceUnitInfo [name: default]
2026-05-08 04:56:39 [restartedMain] INFO  o.h.c.i.RegionFactoryInitiator - HHH000026: Second-level cache disabled
2026-05-08 04:56:39 [restartedMain] INFO  o.s.o.j.p.SpringPersistenceUnitInfo - No LoadTimeWeaver setup: ignoring JPA class transformer
2026-05-08 04:56:40 [restartedMain] INFO  o.h.e.t.j.p.i.JtaPlatformInitiator - HHH000489: No JTA platform available (set 'hibernate.transaction.jta.platform' to enable JTA platform integration)
2026-05-08 04:56:40 [restartedMain] INFO  o.s.o.j.LocalContainerEntityManagerFactoryBean - Initialized JPA EntityManagerFactory for persistence unit 'default'
2026-05-08 04:56:40 [restartedMain] WARN  o.s.b.a.o.j.JpaBaseConfiguration$JpaWebConfiguration - spring.jpa.open-in-view is enabled by default. Therefore, database queries may be performed during view rendering. Explicitly configure spring.jpa.open-in-view to disable this warning
2026-05-08 04:56:40 [restartedMain] INFO  o.s.b.a.w.s.WelcomePageHandlerMapping - Adding welcome page template: index
2026-05-08 04:56:40 [restartedMain] INFO  o.s.s.web.DefaultSecurityFilterChain - Will secure Or [Mvc [pattern='/api/**']] with [org.springframework.security.web.session.DisableEncodeUrlFilter@6c11a93b, org.springframework.security.web.context.request.async.WebAsyncManagerIntegrationFilter@43c47c95, org.springframework.security.web.context.SecurityContextHolderFilter@7405003, org.springframework.security.web.header.HeaderWriterFilter@41f2a9de, org.springframework.web.filter.CorsFilter@39ba88ae, org.springframework.security.web.authentication.logout.LogoutFilter@79eac21e, com.rayokross.academy.security.jwt.JwtRequestFilter@72e4ed66, org.springframework.security.web.savedrequest.RequestCacheAwareFilter@2b8038b0, org.springframework.security.web.servletapi.SecurityContextHolderAwareRequestFilter@7f68c847, org.springframework.security.web.authentication.AnonymousAuthenticationFilter@64768e75, org.springframework.security.web.session.SessionManagementFilter@2af5262c, org.springframework.security.web.access.ExceptionTranslationFilter@7b8aeccf, org.springframework.security.web.access.intercept.AuthorizationFilter@6a96f0fc]
2026-05-08 04:56:40 [restartedMain] INFO  o.s.s.web.DefaultSecurityFilterChain - Will secure any request with [org.springframework.security.web.session.DisableEncodeUrlFilter@33862758, org.springframework.security.web.context.request.async.WebAsyncManagerIntegrationFilter@78bc5d1c, org.springframework.security.web.context.SecurityContextHolderFilter@5620a863, org.springframework.security.web.header.HeaderWriterFilter@4d24a1ec, org.springframework.web.filter.CorsFilter@2e30faf, org.springframework.security.web.csrf.CsrfFilter@46b26765, org.springframework.security.web.authentication.logout.LogoutFilter@4d648884, org.springframework.security.web.authentication.UsernamePasswordAuthenticationFilter@5acfb42d, org.springframework.security.web.savedrequest.RequestCacheAwareFilter@37c648d, org.springframework.security.web.servletapi.SecurityContextHolderAwareRequestFilter@7697ac62, org.springframework.security.web.authentication.AnonymousAuthenticationFilter@252abd02, org.springframework.security.web.access.ExceptionTranslationFilter@362876c6, org.springframework.security.web.access.intercept.AuthorizationFilter@66e398dc]
2026-05-08 04:56:40 [restartedMain] INFO  o.s.b.d.a.OptionalLiveReloadServer - LiveReload server is running on port 35729
2026-05-08 04:56:40 [restartedMain] INFO  o.a.t.u.net.NioEndpoint.certificate - Connector [https-jsse-nio-8443], TLS virtual host [_default_], certificate type [UNDEFINED] configured from keystore [/Users/angelmenendezleyenda/.keystore] using alias [rayokross] with trust store [null]
2026-05-08 04:56:40 [restartedMain] INFO  o.s.b.w.e.tomcat.TomcatWebServer - Tomcat started on port 8443 (https) with context path ''
2026-05-08 04:56:40 [restartedMain] INFO  c.r.academy.AcademyApplication - Started AcademyApplication in 0.583 seconds (process running for 394.119)
2026-05-08 04:56:40 [restartedMain] INFO  o.s.b.d.a.ConditionEvaluationDeltaLoggingListener - Condition evaluation unchanged
2026-05-08 04:56:40 [https-jsse-nio-8443-exec-6] INFO  o.a.c.c.C.[Tomcat].[localhost].[/] - Initializing Spring DispatcherServlet 'dispatcherServlet'
2026-05-08 04:56:40 [https-jsse-nio-8443-exec-6] INFO  o.s.web.servlet.DispatcherServlet - Initializing Servlet 'dispatcherServlet'
2026-05-08 04:56:40 [https-jsse-nio-8443-exec-6] INFO  o.s.web.servlet.DispatcherServlet - Completed initialization in 1 ms
2026-05-08 04:56:40 [https-jsse-nio-8443-exec-6] INFO  c.r.a.security.jwt.JwtRequestFilter - JWT signature does not match locally computed signature. JWT validity cannot be asserted and should not be trusted.
2026-05-08 04:56:40 [https-jsse-nio-8443-exec-6] INFO  c.r.a.security.LoginEventListener - Login successful for user student@rayokross.com
2026-05-08 04:56:40 [https-jsse-nio-8443-exec-6] INFO  c.r.a.security.jwt.UserLoginService - A09 EVENT: Login exitoso para el usuario 'student@rayokross.com'
2026-05-08 05:02:59 [https-jsse-nio-8443-exec-5] INFO  c.r.a.security.jwt.JwtRequestFilter - No access token cookie found in request
2026-05-08 05:02:59 [https-jsse-nio-8443-exec-5] INFO  c.r.a.s.jwt.UnauthorizedHandlerJwt - Unauthorized error: Full authentication is required to access this resource
2026-05-08 05:03:04 [https-jsse-nio-8443-exec-6] INFO  c.r.a.security.jwt.JwtRequestFilter - No access token cookie found in request
2026-05-08 05:03:04 [https-jsse-nio-8443-exec-6] INFO  c.r.a.security.LoginEventListener - Login successful for user student@rayokross.com
2026-05-08 05:03:04 [https-jsse-nio-8443-exec-6] INFO  c.r.a.security.jwt.UserLoginService - A09 EVENT: Login exitoso para el usuario 'student@rayokross.com'
2026-05-08 05:03:20 [https-jsse-nio-8443-exec-7] INFO  c.r.a.services.EnrollmentService - Enrollment saved (ID: 2)
2026-05-08 05:03:20 [https-jsse-nio-8443-exec-7] INFO  c.r.a.services.EnrollmentService - User 'student@rayokross.com' successfully enrolled in course ID 2.
2026-05-08 05:03:41 [SpringApplicationShutdownHook] INFO  o.s.o.j.LocalContainerEntityManagerFactoryBean - Closing JPA EntityManagerFactory for persistence unit 'default'
2026-05-08 05:03:41 [SpringApplicationShutdownHook] INFO  com.zaxxer.hikari.HikariDataSource - HikariPool-5 - Shutdown initiated...
2026-05-08 05:03:41 [SpringApplicationShutdownHook] INFO  com.zaxxer.hikari.HikariDataSource - HikariPool-5 - Shutdown completed.
2026-05-08 05:03:43 [restartedMain] INFO  c.r.academy.AcademyApplication - Starting AcademyApplication using Java 21.0.10 with PID 82125 (/Users/angelmenendezleyenda/Desktop/project-grupo-7/target/classes started by angelmenendezleyenda in /Users/angelmenendezleyenda/Desktop/project-grupo-7)
2026-05-08 05:03:43 [restartedMain] INFO  c.r.academy.AcademyApplication - No active profile set, falling back to 1 default profile: "default"
2026-05-08 05:03:43 [restartedMain] INFO  o.s.b.d.e.DevToolsPropertyDefaultsPostProcessor - Devtools property defaults active! Set 'spring.devtools.add-properties' to 'false' to disable
2026-05-08 05:03:43 [restartedMain] INFO  o.s.d.r.c.RepositoryConfigurationDelegate - Bootstrapping Spring Data JPA repositories in DEFAULT mode.
2026-05-08 05:03:43 [restartedMain] INFO  o.s.d.r.c.RepositoryConfigurationDelegate - Finished Spring Data repository scanning in 32 ms. Found 4 JPA repository interfaces.
2026-05-08 05:03:44 [restartedMain] INFO  o.s.b.w.e.tomcat.TomcatWebServer - Tomcat initialized with port 8443 (https)
2026-05-08 05:03:44 [restartedMain] INFO  o.a.catalina.core.StandardService - Starting service [Tomcat]
2026-05-08 05:03:44 [restartedMain] INFO  o.a.catalina.core.StandardEngine - Starting Servlet engine: [Apache Tomcat/10.1.17]
2026-05-08 05:03:44 [restartedMain] INFO  o.a.c.c.C.[Tomcat].[localhost].[/] - Initializing Spring embedded WebApplicationContext
2026-05-08 05:03:44 [restartedMain] INFO  o.s.b.w.s.c.ServletWebServerApplicationContext - Root WebApplicationContext: initialization completed in 912 ms
2026-05-08 05:03:44 [restartedMain] INFO  com.zaxxer.hikari.HikariDataSource - HikariPool-1 - Starting...
2026-05-08 05:03:44 [restartedMain] INFO  com.zaxxer.hikari.pool.HikariPool - HikariPool-1 - Added connection com.mysql.cj.jdbc.ConnectionImpl@1469990e
2026-05-08 05:03:44 [restartedMain] INFO  com.zaxxer.hikari.HikariDataSource - HikariPool-1 - Start completed.
2026-05-08 05:03:44 [restartedMain] INFO  o.s.b.a.h.H2ConsoleAutoConfiguration - H2 console available at '/h2-console'. Database available at 'jdbc:mysql://localhost:3306/rayokrossAcademy'
2026-05-08 05:03:44 [restartedMain] INFO  o.h.jpa.internal.util.LogHelper - HHH000204: Processing PersistenceUnitInfo [name: default]
2026-05-08 05:03:44 [restartedMain] INFO  org.hibernate.Version - HHH000412: Hibernate ORM core version 6.4.1.Final
2026-05-08 05:03:44 [restartedMain] INFO  o.h.c.i.RegionFactoryInitiator - HHH000026: Second-level cache disabled
2026-05-08 05:03:44 [restartedMain] INFO  o.s.o.j.p.SpringPersistenceUnitInfo - No LoadTimeWeaver setup: ignoring JPA class transformer
2026-05-08 05:03:45 [restartedMain] INFO  o.h.e.t.j.p.i.JtaPlatformInitiator - HHH000489: No JTA platform available (set 'hibernate.transaction.jta.platform' to enable JTA platform integration)
2026-05-08 05:03:45 [restartedMain] INFO  o.s.o.j.LocalContainerEntityManagerFactoryBean - Initialized JPA EntityManagerFactory for persistence unit 'default'
2026-05-08 05:03:46 [restartedMain] WARN  o.s.b.a.o.j.JpaBaseConfiguration$JpaWebConfiguration - spring.jpa.open-in-view is enabled by default. Therefore, database queries may be performed during view rendering. Explicitly configure spring.jpa.open-in-view to disable this warning
2026-05-08 05:03:46 [restartedMain] INFO  o.s.b.a.w.s.WelcomePageHandlerMapping - Adding welcome page template: index
2026-05-08 05:03:46 [restartedMain] INFO  o.s.s.web.DefaultSecurityFilterChain - Will secure Or [Mvc [pattern='/api/**']] with [org.springframework.security.web.session.DisableEncodeUrlFilter@779a1e08, org.springframework.security.web.context.request.async.WebAsyncManagerIntegrationFilter@45455883, org.springframework.security.web.context.SecurityContextHolderFilter@48ce3f4e, org.springframework.security.web.header.HeaderWriterFilter@734836fd, org.springframework.web.filter.CorsFilter@3b22702c, org.springframework.security.web.authentication.logout.LogoutFilter@53f613c, com.rayokross.academy.security.jwt.JwtRequestFilter@63948421, org.springframework.security.web.savedrequest.RequestCacheAwareFilter@470f1147, org.springframework.security.web.servletapi.SecurityContextHolderAwareRequestFilter@a0cb128, org.springframework.security.web.authentication.AnonymousAuthenticationFilter@1e067760, org.springframework.security.web.session.SessionManagementFilter@1ea0eede, org.springframework.security.web.access.ExceptionTranslationFilter@5e493a4e, org.springframework.security.web.access.intercept.AuthorizationFilter@c07cd5d]
2026-05-08 05:03:46 [restartedMain] INFO  o.s.s.web.DefaultSecurityFilterChain - Will secure any request with [org.springframework.security.web.session.DisableEncodeUrlFilter@4a8c9b52, org.springframework.security.web.context.request.async.WebAsyncManagerIntegrationFilter@6a3bd0f1, org.springframework.security.web.context.SecurityContextHolderFilter@7db541f0, org.springframework.security.web.header.HeaderWriterFilter@386033ba, org.springframework.web.filter.CorsFilter@612acdf, org.springframework.security.web.csrf.CsrfFilter@4edf2487, org.springframework.security.web.authentication.logout.LogoutFilter@704a8532, org.springframework.security.web.authentication.UsernamePasswordAuthenticationFilter@6e4be0bc, org.springframework.security.web.savedrequest.RequestCacheAwareFilter@4af9b9dd, org.springframework.security.web.servletapi.SecurityContextHolderAwareRequestFilter@1e63e762, org.springframework.security.web.authentication.AnonymousAuthenticationFilter@376df2a1, org.springframework.security.web.access.ExceptionTranslationFilter@5ac1d1f9, org.springframework.security.web.access.intercept.AuthorizationFilter@76235cdd]
2026-05-08 05:03:46 [restartedMain] INFO  o.s.b.d.a.OptionalLiveReloadServer - LiveReload server is running on port 35729
2026-05-08 05:03:46 [restartedMain] INFO  o.a.t.u.net.NioEndpoint.certificate - Connector [https-jsse-nio-8443], TLS virtual host [_default_], certificate type [UNDEFINED] configured from keystore [/Users/angelmenendezleyenda/.keystore] using alias [rayokross] with trust store [null]
2026-05-08 05:03:46 [restartedMain] INFO  o.s.b.w.e.tomcat.TomcatWebServer - Tomcat started on port 8443 (https) with context path ''
2026-05-08 05:03:46 [restartedMain] INFO  c.r.academy.AcademyApplication - Started AcademyApplication in 3.303 seconds (process running for 3.722)
2026-05-08 05:05:13 [File Watcher] INFO  o.s.b.d.a.LocalDevToolsAutoConfiguration$RestartingClassPathChangeChangedEventListener - Restarting due to 1 class path change (0 additions, 0 deletions, 1 modification)
2026-05-08 05:05:24 [Thread-5] WARN  org.apache.tomcat.util.net.Acceptor - The acceptor thread [https-jsse-nio-8443-Acceptor] did not stop cleanly
2026-05-08 05:05:24 [Thread-5] INFO  o.s.o.j.LocalContainerEntityManagerFactoryBean - Closing JPA EntityManagerFactory for persistence unit 'default'
2026-05-08 05:05:24 [Thread-5] INFO  com.zaxxer.hikari.HikariDataSource - HikariPool-1 - Shutdown initiated...
2026-05-08 05:05:24 [Thread-5] INFO  com.zaxxer.hikari.HikariDataSource - HikariPool-1 - Shutdown completed.
2026-05-08 05:05:24 [restartedMain] INFO  c.r.academy.AcademyApplication - Starting AcademyApplication using Java 21.0.10 with PID 82125 (/Users/angelmenendezleyenda/Desktop/project-grupo-7/target/classes started by angelmenendezleyenda in /Users/angelmenendezleyenda/Desktop/project-grupo-7)
2026-05-08 05:05:24 [restartedMain] INFO  c.r.academy.AcademyApplication - No active profile set, falling back to 1 default profile: "default"
2026-05-08 05:05:25 [restartedMain] INFO  o.s.d.r.c.RepositoryConfigurationDelegate - Bootstrapping Spring Data JPA repositories in DEFAULT mode.
2026-05-08 05:05:25 [restartedMain] INFO  o.s.d.r.c.RepositoryConfigurationDelegate - Finished Spring Data repository scanning in 10 ms. Found 4 JPA repository interfaces.
2026-05-08 05:05:25 [restartedMain] INFO  o.s.b.w.e.tomcat.TomcatWebServer - Tomcat initialized with port 8443 (https)
2026-05-08 05:05:25 [restartedMain] INFO  o.a.catalina.core.StandardService - Starting service [Tomcat]
2026-05-08 05:05:25 [restartedMain] INFO  o.a.catalina.core.StandardEngine - Starting Servlet engine: [Apache Tomcat/10.1.17]
2026-05-08 05:05:25 [restartedMain] INFO  o.a.c.c.C.[Tomcat].[localhost].[/] - Initializing Spring embedded WebApplicationContext
2026-05-08 05:05:25 [restartedMain] INFO  o.s.b.w.s.c.ServletWebServerApplicationContext - Root WebApplicationContext: initialization completed in 237 ms
2026-05-08 05:05:25 [restartedMain] INFO  com.zaxxer.hikari.HikariDataSource - HikariPool-2 - Starting...
2026-05-08 05:05:25 [restartedMain] INFO  com.zaxxer.hikari.pool.HikariPool - HikariPool-2 - Added connection com.mysql.cj.jdbc.ConnectionImpl@75b4978d
2026-05-08 05:05:25 [restartedMain] INFO  com.zaxxer.hikari.HikariDataSource - HikariPool-2 - Start completed.
2026-05-08 05:05:25 [restartedMain] INFO  o.s.b.a.h.H2ConsoleAutoConfiguration - H2 console available at '/h2-console'. Database available at 'jdbc:mysql://localhost:3306/rayokrossAcademy'
2026-05-08 05:05:25 [restartedMain] INFO  o.h.jpa.internal.util.LogHelper - HHH000204: Processing PersistenceUnitInfo [name: default]
2026-05-08 05:05:25 [restartedMain] INFO  o.h.c.i.RegionFactoryInitiator - HHH000026: Second-level cache disabled
2026-05-08 05:05:25 [restartedMain] INFO  o.s.o.j.p.SpringPersistenceUnitInfo - No LoadTimeWeaver setup: ignoring JPA class transformer
2026-05-08 05:05:25 [restartedMain] INFO  o.h.e.t.j.p.i.JtaPlatformInitiator - HHH000489: No JTA platform available (set 'hibernate.transaction.jta.platform' to enable JTA platform integration)
2026-05-08 05:05:25 [restartedMain] INFO  o.s.o.j.LocalContainerEntityManagerFactoryBean - Initialized JPA EntityManagerFactory for persistence unit 'default'
2026-05-08 05:05:25 [restartedMain] WARN  o.s.b.a.o.j.JpaBaseConfiguration$JpaWebConfiguration - spring.jpa.open-in-view is enabled by default. Therefore, database queries may be performed during view rendering. Explicitly configure spring.jpa.open-in-view to disable this warning
2026-05-08 05:05:25 [restartedMain] INFO  o.s.b.a.w.s.WelcomePageHandlerMapping - Adding welcome page template: index
2026-05-08 05:05:25 [restartedMain] INFO  o.s.s.web.DefaultSecurityFilterChain - Will secure Or [Mvc [pattern='/api/**']] with [org.springframework.security.web.session.DisableEncodeUrlFilter@379f0e7e, org.springframework.security.web.context.request.async.WebAsyncManagerIntegrationFilter@6341b9be, org.springframework.security.web.context.SecurityContextHolderFilter@8a527bd, org.springframework.security.web.header.HeaderWriterFilter@775f5d47, org.springframework.web.filter.CorsFilter@1d282cc2, org.springframework.security.web.authentication.logout.LogoutFilter@43d2eb18, com.rayokross.academy.security.jwt.JwtRequestFilter@4143d979, org.springframework.security.web.savedrequest.RequestCacheAwareFilter@6a8db7e7, org.springframework.security.web.servletapi.SecurityContextHolderAwareRequestFilter@67356a94, org.springframework.security.web.authentication.AnonymousAuthenticationFilter@42d33612, org.springframework.security.web.session.SessionManagementFilter@f315d48, org.springframework.security.web.access.ExceptionTranslationFilter@51d67395, org.springframework.security.web.access.intercept.AuthorizationFilter@84afdc8]
2026-05-08 05:05:25 [restartedMain] INFO  o.s.s.web.DefaultSecurityFilterChain - Will secure any request with [org.springframework.security.web.session.DisableEncodeUrlFilter@4a42073, org.springframework.security.web.context.request.async.WebAsyncManagerIntegrationFilter@68bc9e0, org.springframework.security.web.context.SecurityContextHolderFilter@3f9a4efa, org.springframework.security.web.header.HeaderWriterFilter@2610c620, org.springframework.web.filter.CorsFilter@4387ad16, org.springframework.security.web.csrf.CsrfFilter@1dfa33da, org.springframework.security.web.authentication.logout.LogoutFilter@19e9c200, org.springframework.security.web.authentication.UsernamePasswordAuthenticationFilter@538a11c0, org.springframework.security.web.savedrequest.RequestCacheAwareFilter@73b2de30, org.springframework.security.web.servletapi.SecurityContextHolderAwareRequestFilter@54e84292, org.springframework.security.web.authentication.AnonymousAuthenticationFilter@4080a0b7, org.springframework.security.web.access.ExceptionTranslationFilter@26c027ab, org.springframework.security.web.access.intercept.AuthorizationFilter@6a25fd8a]
2026-05-08 05:05:25 [restartedMain] INFO  o.s.b.d.a.OptionalLiveReloadServer - LiveReload server is running on port 35729
2026-05-08 05:05:25 [restartedMain] INFO  o.a.t.u.net.NioEndpoint.certificate - Connector [https-jsse-nio-8443], TLS virtual host [_default_], certificate type [UNDEFINED] configured from keystore [/Users/angelmenendezleyenda/.keystore] using alias [rayokross] with trust store [null]
2026-05-08 05:05:25 [restartedMain] INFO  o.s.b.w.e.tomcat.TomcatWebServer - Tomcat started on port 8443 (https) with context path ''
2026-05-08 05:05:25 [restartedMain] INFO  c.r.academy.AcademyApplication - Started AcademyApplication in 0.814 seconds (process running for 103.036)
2026-05-08 05:05:25 [restartedMain] INFO  o.s.b.d.a.ConditionEvaluationDeltaLoggingListener - Condition evaluation unchanged
2026-05-08 05:05:27 [File Watcher] INFO  o.s.b.d.a.LocalDevToolsAutoConfiguration$RestartingClassPathChangeChangedEventListener - Restarting due to 1 class path change (0 additions, 0 deletions, 1 modification)
2026-05-08 05:05:35 [Thread-7] INFO  o.s.o.j.LocalContainerEntityManagerFactoryBean - Closing JPA EntityManagerFactory for persistence unit 'default'
2026-05-08 05:05:35 [Thread-7] INFO  com.zaxxer.hikari.HikariDataSource - HikariPool-2 - Shutdown initiated...
2026-05-08 05:05:35 [Thread-7] INFO  com.zaxxer.hikari.HikariDataSource - HikariPool-2 - Shutdown completed.
2026-05-08 05:05:35 [restartedMain] INFO  c.r.academy.AcademyApplication - Starting AcademyApplication using Java 21.0.10 with PID 82125 (/Users/angelmenendezleyenda/Desktop/project-grupo-7/target/classes started by angelmenendezleyenda in /Users/angelmenendezleyenda/Desktop/project-grupo-7)
2026-05-08 05:05:35 [restartedMain] INFO  c.r.academy.AcademyApplication - No active profile set, falling back to 1 default profile: "default"
2026-05-08 05:05:35 [restartedMain] INFO  o.s.d.r.c.RepositoryConfigurationDelegate - Bootstrapping Spring Data JPA repositories in DEFAULT mode.
2026-05-08 05:05:35 [restartedMain] INFO  o.s.d.r.c.RepositoryConfigurationDelegate - Finished Spring Data repository scanning in 8 ms. Found 4 JPA repository interfaces.
2026-05-08 05:05:35 [restartedMain] INFO  o.s.b.w.e.tomcat.TomcatWebServer - Tomcat initialized with port 8443 (https)
2026-05-08 05:05:35 [restartedMain] INFO  o.a.catalina.core.StandardService - Starting service [Tomcat]
2026-05-08 05:05:35 [restartedMain] INFO  o.a.catalina.core.StandardEngine - Starting Servlet engine: [Apache Tomcat/10.1.17]
2026-05-08 05:05:35 [restartedMain] INFO  o.a.c.c.C.[Tomcat].[localhost].[/] - Initializing Spring embedded WebApplicationContext
2026-05-08 05:05:35 [restartedMain] INFO  o.s.b.w.s.c.ServletWebServerApplicationContext - Root WebApplicationContext: initialization completed in 177 ms
2026-05-08 05:05:35 [restartedMain] INFO  com.zaxxer.hikari.HikariDataSource - HikariPool-3 - Starting...
2026-05-08 05:05:35 [restartedMain] INFO  com.zaxxer.hikari.pool.HikariPool - HikariPool-3 - Added connection com.mysql.cj.jdbc.ConnectionImpl@6a00b237
2026-05-08 05:05:35 [restartedMain] INFO  com.zaxxer.hikari.HikariDataSource - HikariPool-3 - Start completed.
2026-05-08 05:05:35 [restartedMain] INFO  o.s.b.a.h.H2ConsoleAutoConfiguration - H2 console available at '/h2-console'. Database available at 'jdbc:mysql://localhost:3306/rayokrossAcademy'
2026-05-08 05:05:35 [restartedMain] INFO  o.h.jpa.internal.util.LogHelper - HHH000204: Processing PersistenceUnitInfo [name: default]
2026-05-08 05:05:35 [restartedMain] INFO  o.h.c.i.RegionFactoryInitiator - HHH000026: Second-level cache disabled
2026-05-08 05:05:35 [restartedMain] INFO  o.s.o.j.p.SpringPersistenceUnitInfo - No LoadTimeWeaver setup: ignoring JPA class transformer
2026-05-08 05:05:35 [restartedMain] INFO  o.h.e.t.j.p.i.JtaPlatformInitiator - HHH000489: No JTA platform available (set 'hibernate.transaction.jta.platform' to enable JTA platform integration)
2026-05-08 05:05:35 [restartedMain] INFO  o.s.o.j.LocalContainerEntityManagerFactoryBean - Initialized JPA EntityManagerFactory for persistence unit 'default'
2026-05-08 05:05:36 [restartedMain] WARN  o.s.b.a.o.j.JpaBaseConfiguration$JpaWebConfiguration - spring.jpa.open-in-view is enabled by default. Therefore, database queries may be performed during view rendering. Explicitly configure spring.jpa.open-in-view to disable this warning
2026-05-08 05:05:36 [restartedMain] INFO  o.s.b.a.w.s.WelcomePageHandlerMapping - Adding welcome page template: index
2026-05-08 05:05:36 [restartedMain] INFO  o.s.s.web.DefaultSecurityFilterChain - Will secure Or [Mvc [pattern='/api/**']] with [org.springframework.security.web.session.DisableEncodeUrlFilter@288848b2, org.springframework.security.web.context.request.async.WebAsyncManagerIntegrationFilter@36e02f47, org.springframework.security.web.context.SecurityContextHolderFilter@c7db127, org.springframework.security.web.header.HeaderWriterFilter@1fc616a9, org.springframework.web.filter.CorsFilter@3277ea9d, org.springframework.security.web.authentication.logout.LogoutFilter@32d58460, com.rayokross.academy.security.jwt.JwtRequestFilter@7f7bdb9a, org.springframework.security.web.savedrequest.RequestCacheAwareFilter@29c207f3, org.springframework.security.web.servletapi.SecurityContextHolderAwareRequestFilter@61e3f3c, org.springframework.security.web.authentication.AnonymousAuthenticationFilter@40cad2e5, org.springframework.security.web.session.SessionManagementFilter@6c37279e, org.springframework.security.web.access.ExceptionTranslationFilter@df51df6, org.springframework.security.web.access.intercept.AuthorizationFilter@7c81c9c7]
2026-05-08 05:05:36 [restartedMain] INFO  o.s.s.web.DefaultSecurityFilterChain - Will secure any request with [org.springframework.security.web.session.DisableEncodeUrlFilter@3b344899, org.springframework.security.web.context.request.async.WebAsyncManagerIntegrationFilter@5ac39c2d, org.springframework.security.web.context.SecurityContextHolderFilter@6ce33949, org.springframework.security.web.header.HeaderWriterFilter@4aeb930a, org.springframework.web.filter.CorsFilter@458c15e3, org.springframework.security.web.csrf.CsrfFilter@30d16a09, org.springframework.security.web.authentication.logout.LogoutFilter@d036d2e, org.springframework.security.web.authentication.UsernamePasswordAuthenticationFilter@2dc83a13, org.springframework.security.web.savedrequest.RequestCacheAwareFilter@57d987fe, org.springframework.security.web.servletapi.SecurityContextHolderAwareRequestFilter@6eba8713, org.springframework.security.web.authentication.AnonymousAuthenticationFilter@29f8b7e3, org.springframework.security.web.access.ExceptionTranslationFilter@7a586046, org.springframework.security.web.access.intercept.AuthorizationFilter@2c4672c4]
2026-05-08 05:05:36 [restartedMain] INFO  o.s.b.d.a.OptionalLiveReloadServer - LiveReload server is running on port 35729
2026-05-08 05:05:36 [restartedMain] INFO  o.a.t.u.net.NioEndpoint.certificate - Connector [https-jsse-nio-8443], TLS virtual host [_default_], certificate type [UNDEFINED] configured from keystore [/Users/angelmenendezleyenda/.keystore] using alias [rayokross] with trust store [null]
2026-05-08 05:05:36 [restartedMain] INFO  o.s.b.w.e.tomcat.TomcatWebServer - Tomcat started on port 8443 (https) with context path ''
2026-05-08 05:05:36 [restartedMain] INFO  c.r.academy.AcademyApplication - Started AcademyApplication in 0.591 seconds (process running for 113.531)
2026-05-08 05:05:36 [restartedMain] INFO  o.s.b.d.a.ConditionEvaluationDeltaLoggingListener - Condition evaluation unchanged
2026-05-08 05:05:36 [https-jsse-nio-8443-exec-9] INFO  o.a.c.c.C.[Tomcat].[localhost].[/] - Initializing Spring DispatcherServlet 'dispatcherServlet'
2026-05-08 05:05:36 [https-jsse-nio-8443-exec-9] INFO  o.s.web.servlet.DispatcherServlet - Initializing Servlet 'dispatcherServlet'
2026-05-08 05:05:36 [https-jsse-nio-8443-exec-9] INFO  o.s.web.servlet.DispatcherServlet - Completed initialization in 1 ms
2026-05-08 05:05:36 [https-jsse-nio-8443-exec-9] INFO  c.r.a.security.jwt.JwtRequestFilter - No access token cookie found in request
2026-05-08 05:05:36 [https-jsse-nio-8443-exec-10] INFO  c.r.a.security.jwt.JwtRequestFilter - No access token cookie found in request
2026-05-08 05:05:36 [https-jsse-nio-8443-exec-10] INFO  c.r.a.security.jwt.JwtRequestFilter - No access token cookie found in request
2026-05-08 05:05:36 [https-jsse-nio-8443-exec-2] INFO  c.r.a.security.jwt.JwtRequestFilter - No access token cookie found in request
2026-05-08 05:05:36 [https-jsse-nio-8443-exec-3] INFO  c.r.a.security.jwt.JwtRequestFilter - No access token cookie found in request
2026-05-08 05:05:36 [https-jsse-nio-8443-exec-6] INFO  c.r.a.security.jwt.JwtRequestFilter - No access token cookie found in request
2026-05-08 05:05:41 [https-jsse-nio-8443-exec-1] INFO  c.r.a.security.jwt.JwtRequestFilter - No access token cookie found in request
2026-05-08 05:05:41 [https-jsse-nio-8443-exec-8] INFO  c.r.a.security.jwt.JwtRequestFilter - No access token cookie found in request
2026-05-08 05:05:41 [https-jsse-nio-8443-exec-9] INFO  c.r.a.security.jwt.JwtRequestFilter - No access token cookie found in request
2026-05-08 05:06:01 [https-jsse-nio-8443-exec-6] INFO  c.r.a.security.jwt.JwtRequestFilter - JWT signature does not match locally computed signature. JWT validity cannot be asserted and should not be trusted.
2026-05-08 05:06:01 [https-jsse-nio-8443-exec-6] INFO  c.r.a.security.LoginEventListener - Login successful for user admin@rayokross.com
2026-05-08 05:06:01 [https-jsse-nio-8443-exec-6] INFO  c.r.a.security.jwt.UserLoginService - A09 EVENT: Login exitoso para el usuario 'admin@rayokross.com'
2026-05-08 05:07:04 [https-jsse-nio-8443-exec-6] WARN  o.s.w.s.m.m.a.ExceptionHandlerExceptionResolver - Resolved [org.springframework.web.bind.MethodArgumentNotValidException: Validation failed for argument [0] in public org.springframework.http.ResponseEntity<com.rayokross.academy.dtos.CourseDetailDTO> com.rayokross.academy.controllers.rest.AdminCourseRestController.createCourse(com.rayokross.academy.dtos.CourseDetailDTO) throws java.io.IOException: [Field error in object 'courseDetailDTO' on field 'title': rejected value []; codes [NotBlank.courseDetailDTO.title,NotBlank.title,NotBlank.java.lang.String,NotBlank]; arguments [org.springframework.context.support.DefaultMessageSourceResolvable: codes [courseDetailDTO.title,title]; arguments []; default message [title]]; default message [Title is required]] ]
2026-05-08 05:07:08 [https-jsse-nio-8443-exec-7] INFO  c.r.academy.services.CourseService - Course created successfully with syllabus: null
